GB,FR
a,un
a.m.,matin
abandon,abandonner
abandoned,abandonné
ability,aptitude
able,pouvoir
aboard,à bord
about,sur
above,au dessus
abroad,à l'étranger
absolute,absolu
absolutely,Tout à fait
absurd,absurde
abuse,abuser de
academy,académie
accent,accent
accept,J'accepte
accepted,accepté
access,accéder
accident,accident
accidentally,accidentellement
according,selon
account,Compte
accounts,comptes
accused,accusé
ace,as
achieve,atteindre
acid,acide
across,de l'autre côté
act,loi
acted,agi
acting,agissant
action,action
actions,Actions
active,actif
activities,Activités
activity,activité
actor,acteur de cinéma
actors,acteurs
actress,actrice
acts,actes
actual,réel
actually,réellement
ad,un d
adam,Adam
add,ajouter
added,ajoutée
addition,ajout
address,adresse
admiral,amiral
admire,admirer
admit,admettre
admitted,admis
adopted,adopté
adorable,adorable
adrian,Adrian
adult,adulte
adults,adultes
advance,avance
advanced,Avancée
advantage,avantage
adventure,aventure
advice,conseils
advise,conseiller
affair,aventure
affairs,affaires
affect,affecter
affected,affecté
afford,s'offrir
afraid,peur
africa,Afrique
african,africain
after,après
afternoon,après midi
afterwards,ensuite
again,encore
against,contre
age,âge
agency,agence
agent,agent
agents,agents
ages,âge
aggressive,agressif
ago,depuis
agree,Je suis d'accord
agreed,convenu
agreement,accord
ah,ah
ahead,en avant
ahem,ahem
ahh,ahh
aid,aide
aii,aii
aim,objectif
ain,se faire
air,air
aircraft,avion
airport,aéroport
al,Al
alan,Alan
alarm,alarme
albert,Albert
album,album
alcohol,de l'alcool
alert,alerte
alex,Alex
alexander,Alexandre
ali,Ali
alibi,alibi
alice,Alice
alicia,Alicia
alien,extraterrestre
aliens,extraterrestres
alike,ressemblent
alive,vivant
all,tout
all,tout
allen,Allen
alley,ruelle
alliance,Alliance
allison,Allison
allow,Autoriser
allowed,autorisé
ally,allié
almost,presque
alone,seul
along,sur
alpha,alpha
already,déjà
alright,bien
also,aussi
alternative,alternative
although,même si
always,toujours
am,un m
am,un m
amanda,amanda
amazing,étonnante
ambassador,ambassadeur
amber,ambre
ambulance,ambulance
amen,amen
america,Amérique
american,américain
americans,les Américains
among,parmi
amongst,parmi
amount,montant
amy,Amy
an,un
analysis,une analyse
ancestors,les ancêtres
ancient,ancien
and,et
and,et
and-,et-
anderson,Anderson
andrea,Andrea
andrew,Andrew
andy,Andy
angel,ange
angela,Angela
angeles,angeles
angels,anges
anger,colère
angle,angle
angry,fâché
animal,animal
animals,animaux
ann,Ann
anna,anna
anne,Anne
annie,Annie
anniversary,anniversaire
announce,annoncer
announcement,annonce
announcer,annonceur
annoying,énervant
anonymous,anonyme
another,une autre
answer,réponse
answered,répondu
answering,réponse
answers,réponses
anthony,Anthony
antonio,Antonio
anxious,anxieux
any,n'importe quel
anybody,n'importe qui
anymore,plus
anyone,quelqu'un
anything,n'importe quoi
anytime,à toute heure
anyway,De toute façon
anyways,de toute façon
anywhere,partout
apart,une part
apartment,appartement
apologies,excuses
apologize,s'excuser
apology,excuses
apparently,Apparemment
appeal,appel
appear,apparaître
appearance,apparence
appeared,est apparu
appears,apparaît
applause,applaudissements
apple,Pomme
application,application
apply,appliquer
appointment,rendez-vous
appreciate,apprécier
approach,approcher
approaching,approchant
appropriate,approprié
approve,approuver
april,avril
are,sommes
area,Région
areas,zones
aren,nœud
argue,se disputer
arguing,argumentant
argument,dispute
arm,bras
armed,armé
arms,les bras
army,armée
around,autour de
arrange,organiser
arranged,organisé
arrangements,dispositions
arrest,arrêter
arrested,arrêté
arrival,Arrivées
arrive,arriver
arrived,arrivé
arrives,arrive
arriving,en arrivant
arrow,La Flèche
arse,cul
art,art
arthur,Arthur
article,article
artist,artiste
artists,artistes
arts,arts
as,comme
ash,cendre
ashamed,honteux
ashes,cendres
ashley,Ashley
aside,de côté
ask,interroger
asked,a demandé
asking,demande
asks,demande
asleep,endormi
ass,cul
assault,assaut
asshole,Connard
assigned,attribué
assignment,mission
assistance,assistance
assistant,assistant
association,association
assume,présumer
assumed,assumé
assuming,en supposant
assure,assurer
at,à
ate,a mangé
atmosphere,atmosphère
attached,ci-joint
attack,attaque
attacked,attaqué
attacking,attaquant
attacks,attaques
attempt,tentative
attempted,tentative
attend,assister à
attention,attention
attitude,attitude
attorney,avocat
attracted,attiré
attractive,attrayant
audience,spectateurs
audition,audition
audrey,Audrey
august,août
aunt,tante
auntie,tata
australia,Australie
authorities,les autorités
authority,autorité
autopsy,autopsie
available,disponible
avenue,rue
average,moyen
avoid,éviter de
aw,aw
awake,éveillé
award,décerner
aware,au courant
away,une façon
awesome,impressionnant
awful,terrible
awfully,terriblement
awkward,gênant
ay,oui
aye,toujours
b,b
b.,né
babe,bébé
babies,bébés
baby,bébé
back,retour
background,Contexte
backup,sauvegarde
backwards,en arrière
bacon,lard
bad,mal
badge,badge
badly,mal
bag,sac
bags,Sacs
bail,caution
bailey,baiey
bait,appât
baker,boulanger
balance,solde
ball,Balle
balls,des balles
banana,banane
band,bande
bang,pan
banging,claquement
bank,banque
banks,banques
bar,bar
barbara,Barbara
barely,à peine
bargain,aubaine
barking,aboiement
barn,Grange
barney,Barney
baron,baron
barrel,baril
barry,barry
bars,bars
base,base
baseball,base-ball
based,basé
basement,sous-sol
basic,de base
basically,fondamentalement
basis,base
basket,corbeille
basketball,basket
bastard,bâtard
bastards,salauds
bat,chauve souris
bath,bain
bathroom,salle de bains
batman,homme chauve-souris
battery,la batterie
battle,bataille
bay,la baie
be,être
beach,plage
beam,rayonner
beans,des haricots
bear,ours
beard,barbe
bears,ours
beast,la bête
beat,battre
beaten,battu
beating,battement
beats,Beats
beautiful,belle
beauty,beauté
became,est devenu
because,car
becky,Becky
become,devenir
becomes,devient
becoming,qui est devenu
bed,lit
bedroom,chambre
bee,abeille
beef,bœuf
been,a été
beep,bip
beeping,bip
beeps,bips
beer,Bière
before,avant de
beg,mendier
began,a commencé
begging,mendicité
begin,commencer
beginning,début
begins,commence
begun,commencé
behalf,au nom de
behave,se comporter
behavior,comportement
behind,derrière
being,étant
beings,êtres
belief,croyance
believe,croire
believed,a cru
believes,croit
believing,croire
bell,cloche
bells,cloches
belly,ventre
belong,appartenir
belonged,appartenir
belongs,fait parti
beloved,bien-aimé
below,dessous
belt,ceinture
ben,Ben
bench,banc
bend,pliez
beneath,sous
benefit,bénéficier à
benny,Benny
berlin,Berlin
beside,à côté de
besides,outre
best,meilleur
bet,pari
beth,Beth
betray,trahir
betrayed,trahi
better,meilleur
betty,Betty
between,entre
beyond,au-delà
bible,Bible
bid,offre
big,gros
bigger,plus gros
biggest,plus grand
bike,Bicyclette
bill,facture
billion,milliard
bills,factures
billy,gamelle
bin,poubelle
bingo,bingo
bird,oiseau
birds,des oiseaux
birth,naissance
birthday,date d'anniversaire
bishop,évêque
bit,bit
bitch,chienne
bitches,chiennes
bite,morsure
bits,morceaux
bitter,amer
black,le noir
blackmail,chantage
blade,lame
blah,blabla
blake,Blake
blame,faire des reproches
blank,Vide
blanket,couverture
blast,explosion
bleed,saigner
bleeding,saignement
bleep,bip
bless,bénir
blessed,béni
blessing,bénédiction
blew,souffler
blind,aveugle
block,bloquer
blocks,blocs
bloke,type
blonde,blond
blood,du sang
bloody,sanglant
blow,souffler
blowing,soufflant
blown,soufflé
blows,coups
blue,bleu
bo,bêle
board,planche
boarding,embarquement
boat,bateau
boats,bateaux
bob,bob
bobby,policier
bodies,corps
body,corps
bold,audacieux
bomb,bombe
bombs,bombes
bond,obligation
bone,os
bones,des os
bonnie,Bonnie
boo,huer
book,livre
booked,réservé
books,livres
boom,boom
boot,botte
booth,stand
boots,bottes
booze,biberonner
border,frontière
bored,ennuyé
boring,ennuyeuse
born,née
borrow,emprunter
borrowed,emprunté
boss,chef
boston,Boston
both,tous les deux
bother,embêter
bothered,dérangé
bothering,dérangeant
bottle,bouteille
bottles,bouteilles
bottom,fond
bought,acheté
bound,bondir
bout,combat
bow,arc
bowl,bol
box,boîte
boxes,des boites
boy,garçon
boyfriend,copain
boys,garçons
brad,brad
brain,cerveau
brains,cerveaux
brakes,freins
branch,bifurquer
brand,marque
brandon,Brandon
brave,braver
bravo,Bravo
bread,pain
break,Pause
breakfast,petit-déjeuner
breaking,rupture
breaks,pauses
breast,Sein
breasts,seins
breath,haleine
breathe,respirer
breathing,respiration
brian,Brian
brick,brique
bride,la mariée
bridge,pont
brief,bref
bright,brillant
brilliant,génial
bring,apporter
bringing,apportant
brings,apporte
britain,Grande-Bretagne
british,Britanique
bro,frère
broad,vaste
broke,cassé
broken,cassé
brother,frère
brother-in-law,beau-frère
brothers,frères
brought,amené
brown,brun
bruce,Bruce
brush,brosser
buck,mâle
bucket,seau
bucks,chevreuils
bud,bourgeon
buddies,copains
buddy,copain
budget,budget
bug,punaise
bugs,Bugs
build,construire
building,imeuble
buildings,bâtiments
built,construit
bull,taureau
bullet,balle
bullets,balles
bullshit,connerie
bum,clochard
bump,cogner
bunch,groupe
bunny,lapin
burden,charge
bureau,bureau
burger,Burger
buried,enterré
burn,brûler
burned,brûlé
burning,brûlant
burns,brûlures
burnt,brûlé
burst,éclatement
bury,enterrer
bus,bus
bush,buisson
business,Entreprise
bust,bousiller
busted,cassé
busy,occupé
but,mais
butt,bout
butter,Beurre
button,bouton
buy,acheter
buying,achat
buzz,bourdonner
buzzing,bourdonnement
by,par
bye,au revoir
bye-bye,Bye Bye
c,c
cab,taxi
cabin,cabine
cabinet,cabinet
cable,câble
caesar,César
cage,cage
cake,gâteau
california,Californie
call,appel
called,appelé
calling,appel
calls,appels
calm,calmes
cam,came
came,est venu
camera,caméra
cameras,appareils photo
cameron,Cameron
camp,camp
campaign,campagne
campus,Campus
can,boîte
canada,Canada
cancel,annuler
cancer,cancer
candidate,candidat
candles,bougies
candy,Des bonbons
cannon,canon
cannot,ne peux pas
cap,casquette
capable,capable
capital,Capitale
captain,capitaine
capture,Capturer
captured,capturé
car,auto
card,carte
cards,cartes
care,se soucier
cared,soumis à
career,carrière
careful,prudent
carefully,avec attention
cares,se soucier
cargo,cargaison
carl,carl
carla,carla
carlos,carlos
carol,chant
caroline,Caroline
carpet,tapis
carrie,Carrie
carried,transporté
carry,porter
carrying,transport
cars,voitures
carson,Carson
cart,Chariot
carter,charretier
case,Cas
cases,cas
casey,casey
cash,en espèces
casino,casino
cast,moulage
castle,Château
cat,chat
catch,attraper
catching,contagieux
catherine,Catherine
catholic,catholique
cats,chats
cattle,bétail
caught,attrapé
cause,cause
cause,cause
caused,causé
causes,causes
causing,provoquant
cave,la grotte
ceiling,plafond
celebrate,célébrer
celebrating,célébrer
celebration,fête
cell,cellule
cellphone,téléphone portable
cells,cellules
cemetery,cimetière
center,centre
central,central
centre,centre
cents,cents
centuries,des siècles
century,siècle
ceremony,la cérémonie
certain,certain
certainly,assurément
certificate,certificat
chain,chaîne
chair,chaise
chairman,président
challenge,défi
chamber,chambre
champagne,Champagne
champion,champion
chan,chan
chance,chance
chances,chances
change,monnaie
changed,modifié
changes,changements
changing,en changeant
channel,canaliser
chanting,psalmodie
chaos,le chaos
chap,type
chapter,chapitre
character,personnage
characters,personnages
charge,charge
charged,accusé
charges,des charges
charity,charité
charles,Charles
charlie,Charlie
charlotte,Charlotte
charm,charme
charming,charmant
chase,chasse
chasing,ciselure
chat,discuter
chatter,bavarder
chattering,bavardage
cheap,bon marché
cheat,Tricher
cheated,triché
cheating,La triche
check,Chèque
checked,vérifié
checking,vérification
checks,chèques
cheer,bravo
cheering,applaudissement
cheers,à votre santé
cheese,fromage
chef,chef
chemical,chimique
cherry,cerise
chess,jeu d'échecs
chest,poitrine
chffffff,chffffff
chicago,Chicago
chick,poussin
chicken,poulet
chicks,poussins
chief,chef
child,enfant
childhood,enfance
children,#VALUE!
chill,froideur
chin,menton
china,Chine
chinese,chinois
chip,ébrécher
chips,frites
chirping,chant
chloe,Chloe
chocolate,Chocolat
choice,choix
choices,les choix
choose,choisir
chop,hacher
chose,choisi
chosen,choisi
chris,Chris
christ,Christ
christian,Christian
christina,Christina
christine,Christine
christmas,Noël
christopher,Christopher
chuck,mandrin
chuckles,rires
chuckling,rire
church,église
cia,CIA
cigarette,cigarette
cigarettes,cigarettes
cindy,cindy
cinema,cinéma
circle,cercle
circumstances,conditions
circus,cirque
cities,villes
citizen,citoyen
citizens,citoyens
city,ville
civil,civil
claim,réclamer
claimed,revendiqué
claims,réclamations
claire,Claire
clan,clan
clara,Clara
clark,clark
class,classer
classes,Des classes
classic,classique
claudia,Claudia
clay,argile
clean,nettoyer
cleaned,nettoyé
cleaning,nettoyage
clear,dégager
cleared,dégagé
clearly,clairement
clears,clairs
clever,intelligent
click,Cliquez sur
clicking,en cliquant
clicks,clics
client,client
clients,clients
cliff,falaise
climb,monter
climbing,escalade
clinic,clinique
clock,l'horloge
clock,l'horloge
close,proche
closed,fermé
closely,étroitement
closer,plus proche
closes,se ferme
closest,le plus proche
closet,placard
closing,fermeture
clothes,vêtements
clothing,Vêtements
cloud,nuage
clouds,des nuages
clown,clown
club,club
clubs,clubs
clue,indice
coach,entraîneur
coal,charbon
coast,côte
coat,manteau
cocaine,cocaïne
cock,coq
code,code
coffee,café
coffin,cercueil
coin,pièce de monnaie
coincidence,hasard
coke,du Coca
cold,froid
cole,cole
colin,colin
collar,collier
colleague,collègue
colleagues,collègues
collect,recueillir
collection,le recueil
college,collège
colonel,colonel
color,Couleur
colors,couleurs
colour,Couleur
coma,coma
combat,combat
combination,combinaison
come,viens
comedy,la comédie
comes,vient
comfort,confort
comfortable,à l'aise
comic,bande dessinée
comin,venir
coming,à venir
command,commande
commander,le commandant
comment,commentaire
commercial,commercial
commission,commission
commissioner,le commissaire
commit,commettre
commitment,engagement
committed,engagé
committee,Comité
common,commun
communicate,communiquer
communication,la communication
communist,communiste
community,communauté
companies,entreprises
company,compagnie
compare,comparer
compared,par rapport
competition,concurrence
complain,se plaindre
complaining,se plaindre
complaint,plainte
complete,Achevée
completed,complété
completely,totalement
complex,complexe
complicated,compliqué
computer,l'ordinateur
computers,des ordinateurs
comrade,camarade
comrades,camarades
con,con
concentrate,concentré
concept,concept
concern,préoccuper
concerned,concerné
concerns,préoccupations
concert,concert
conclusion,conclusion
condition,condition
conditions,les conditions
conduct,conduire
conference,conférence
confess,avouer
confession,confession
confidence,confiance
confident,sur de soi
confirm,confirmer
confirmed,confirmé
conflict,conflit
confused,confus
congratulations,toutes nos félicitations
congress,congrès
connect,relier
connected,lié
connection,lien
connie,Connie
connor,Connor
conscience,conscience
consequences,conséquences
consider,envisager
considered,considéré
considering,considérant
conspiracy,conspiration
constant,constant
constantly,en permanence
construction,construction
contact,Contactez
content,contenu
contest,concours
continue,Continuez
continued,a continué
continues,continue
contract,Contrat
contrary,contraire
control,contrôler
controlled,contrôlé
conversation,conversation
conversations,conversations
convince,convaincre
convinced,convaincu
cook,cuisinier
cooked,cuit
cookie,biscuit
cookies,biscuits
cooking,cuisine
cool,cool
cooper,tonnelier
cooperate,coopérer
cop,flic
copies,copies
cops,flics
copy,copie
core,cœur
corn,maïs
corner,coin
corporal,corporel
corporate,corporatif
corpse,corps
correct,corriger
corrected,corrigée
cos,COS
cost,Coût
costs,frais
costume,costume
cotton,coton
couch,canapé
coughing,tousser
coughs,toux
could,pourrait
couldn,ne pouvait pas
council,conseil
counsel,Conseil
counselor,conseiller
count,compter
counter,compteur
counting,compte
countries,des pays
country,pays
counts,comptes
county,comté
couple,couple
courage,courage
course,cours
court,rechercher
cousin,cousine
cover,couverture
covered,couvert
covering,couvrant
cow,vache
coward,lâche
cowboy,cow-boy
cows,vaches
crack,fissure
craig,craig
crane,grue
crap,et mince
crash,crash
crashed,écrasé
crashing,écraser
crazy,fou
cream,crème
create,créer
created,établi
creating,création
creation,création
creative,Créatif
creature,créature
creatures,créatures
credit,le crédit
creepy,sinistre
crew,équipage
cried,pleuré
cries,cris
crime,la criminalité
crimes,crimes
criminal,criminel
criminals,les criminels
crisis,crise
critical,critique
cross,traverser
crossed,franchi
crossing,traversée
crowd,foule
crown,couronne
cruel,cruel
cruise,croisière
crush,écraser
crushed,écrasé
cry,cri
crying,pleurs
crystal,cristal
culture,Culture
cup,Coupe
cure,soigner
curious,curieux
current,courant
currently,actuellement
curse,malédiction
cursed,maudit
curtis,curtis
custody,garde
customer,client
customers,clients
cut,Couper
cute,mignonne
cuts,coupures
cutting,Coupe
cycle,cycle
d,ré
da,da
dad,papa
daddy,papa
daily,du quotidien
daisy,Marguerite
dale,vallée
damage,dégâts
damaged,endommagé
dammit,prendre la gueulée
damn,Zut
damned,damné
dan,Dan
dana,Dana
dance,Danse
dancer,Danseur
dancing,dansant
danger,danger
dangerous,dangereux
daniel,Daniel
danny,Danny
dare,oser
dark,foncé
darkness,ténèbres
darling,chérie
darn,Zut
data,Les données
date,Date
dated,daté
dates,Rendez-vous
dating,sortir ensemble
daughter,la fille
daughters,filles
dave,Dave
david,David
davis,davis
dawn,aube
day,journée
days,journées
de,de
dead,morte
deadly,mortel
deaf,sourd
deal,accord
dealer,Marchand
dealing,transaction
deals,offres
dean,doyen
dear,chère
death,décès
deaths,des morts
debate,débat
debbie,debbie
debt,dette
december,décembre
decent,décent
decide,décider
decided,décidé
decision,décision
decisions,les décisions
deck,plate-forme
dedicated,dédié
deep,Profond
deeper,Plus profond
deeply,profondément
defeat,défaite
defeated,vaincu
defence,la défense
defend,défendre
defendant,défendeur
defense,la défense
definitely,absolument
degree,diplôme
degrees,degrés
del,del
delay,retard
delicate,délicat
delicious,délicieuse
delighted,ravi
deliver,livrer
delivered,livré
delivery,livraison
demand,demande
demands,demandes
demon,démon
demons,démons
denied,refusé
dennis,dennis
deny,Nier
department,département
depends,dépend
deposit,verser
depressed,déprimé
deputy,adjoint
derek,derek
describe,décris
described,décrit
description,la description
desert,désert
deserve,mériter
deserved,mérité
deserves,mérite
design,motif
designed,conçu
designer,designer
desire,désir
desk,bureau
desperate,désespéré
despite,en dépit
dessert,le dessert
destiny,destin
destroy,détruire
destroyed,détruit
destroying,destruction
destruction,destruction
detail,détail
details,détails
detective,détective
detectives,détectives
determine,déterminer
determined,déterminé
develop,développer
developed,développé
development,développement
device,dispositif
devil,diable
di,diable
dial,cadran
diamond,diamant
diamonds,diamants
diana,Diane
diane,Diane
diary,agenda
dick,queue
did,a fait
die,mourir
died,décédés
diego,Diego
dies,meurt
diet,diète
difference,différence
different,différent
differently,différemment
difficult,difficile
dig,creuser
digging,creusement
dignity,dignité
dings,dits
dining,à manger
dinner,dîner
direct,direct
directed,dirigée
direction,direction
directly,directement
director,directeur
dirt,saleté
dirty,sale
disappear,disparaître
disappeared,disparu
disappointed,désappointé
disaster,un sinistre
discover,découvrir
discovered,découvert
discovery,Découverte
discuss,discuter
discussed,discuté
discussion,discussion
disease,maladie
disgusting,répugnant
dish,assiette
dishes,vaisselle
dismissed,rejeté
display,affichage
distance,distance
distant,loin
district,district
disturb,déranger
disturbing,inquiétant
dive,se plonger
divine,Divin
division,division
divorce,divorcer
divorced,divorcé
dna,ADN
do,fais
doc,doc
doctor,docteur
doctors,médecins
document,document
documents,documents
does,Est-ce que
doesn,ne fait pas
dog,chien
dogs,chiens
doin,faire
doing,Faire
doll,poupée
dollar,dollar
dollars,dollar
donald,Donald
done,Fini
donna,Donna
dont,ne le faites pas
door,porte
doorbell,sabell
doors,des portes
dope,drogue
dorothy,Dorothy
double,double
doubt,doute
doubts,les doutes
doug,Doug
dough,Pâte
down,vers le bas
downstairs,en bas
downtown,centre ville
dozen,douzaine
dr,dr
dr.,Dr.
drag,glisser
dragged,traîné
dragon,dragon
drama,drame
dramatic,spectaculaire
drank,buvait
draw,dessiner
drawer,tiroir
drawing,dessin
drawn,dessiné
dream,rêver
dreamed,rêvé
dreaming,rêver
dreams,rêves
dress,robe
dressed,habillé
dressing,pansement
drew,a dessiné
drill,perceuse
drink,boisson
drinking,en buvant
drinks,boisson
drive,conduire
driven,entraîné
driver,chauffeur
drives,disques
driving,conduite
drop,goutte
dropped,chuté
dropping,goutte
drops,gouttes
drove,a conduit
drown,noyer
drowned,noyé
drug,médicament
drugs,drogues
drum,tambouriner
drunk,ivre
dry,sec
duck,canard
dude,mec
due,exigible
dug,creusé
duke,Duc
dull,terne
dumb,stupide
dump,décharger
dumped,abandonné
duncan,Duncan
dunno,ne pas faire
during,durant
dust,poussière
dutch,néerlandais
duties,fonctions
duty,devoir
dying,mourant
dylan,Dylan
e,e
e-mail,e-mail
each,chaque
eagle,Aigle
ear,oreille
earl,comte
earlier,plus tôt
early,tôt
earn,gagner
earned,mérité
ears,oreilles
earth,la terre
ease,faciliter
easier,Plus facile
easily,facilement
east,est
eastern,est
easy,facile
eat,manger
eaten,mangé
eating,en mangeant
eats,manger
economy,économie
ed,élégant
eddie,Eddie
edge,bord
editor,éditeur
education,éducation
edward,Edward
effect,effet
effective,efficace
effects,effets
effort,effort
efforts,efforts
egg,Oeuf
eggs,des œufs
egypt,Egypte
eh,Eh
eight,huit
either,Soit
el,El
elder,aîné
election,élection
electric,électrique
electricity,électricité
electronic,électronique
elements,éléments
elena,Elena
elephant,l'éléphant
elevator,ascenseur
eleven,Onze
eli,Eli
elizabeth,Elizabeth
ellen,Ellen
ellie,Ellie
elliot,Elliot
else,autre
elsewhere,autre part
em,em
embarrassed,embarrassé
embarrassing,gênant
embassy,ambassade
embrace,embrasse
emergency,urgence
emily,Emilie
emma,Emma
emotion,émotion
emotional,émotionnel
emotions,émotions
emperor,empereur
empire,Empire
employee,employé
employees,des employés
empty,vide
en,en
end,fin
ended,terminé
ending,fin
ends,prend fin
enemies,ennemis
enemy,ennemi
energy,énergie
engaged,engagé
engagement,engagement
engine,moteur
engineer,ingénieur
engines,moteurs
england,Angleterre
english,Anglais
enjoy,prendre plaisir
enjoyed,apprécié
enjoying,profit
enormous,énorme
enough,suffisant
enter,Entrer
entered,entré
entering,entrée
entertainment,divertissement
entire,entier
entirely,entièrement
entrance,entrée
entry,entrée
envelope,enveloppe
environment,environnement
envy,envie
episode,épisode
equal,égal
equipment,équipement
er,euh
era,ère
eric,Eric
erm,erm
error,Erreur
escape,échapper
escaped,échappé
escort,escorte
especially,surtout
established,établi
estate,domaine
et,ET
eternal,éternel
ethan,Ethan
europe,L'Europe 
european,européen
eva,Eva
evan,Evan
eve,veille
even,même
evening,soirée
event,un événement
events,événements
eventually,finalement
ever,déjà
every,tous
everybody,Tout le monde
everyday,tous les jours
everyone,tout le monde
everything,tout
everywhere,partout
evidence,preuve
evil,mauvais
ew,EW
ex,ex
exact,exact
exactly,exactement
exam,examen
example,Exemple
excellency,Excellence
excellent,excellent
except,à l'exception
exchange,échanger
excited,excité
excitement,excitation
exciting,passionnant
excuse,excuse
excuses,des excuses
executed,réalisé
executive,exécutif
exercise,exercer
exhales,exhales
exhausted,épuisé
exist,exister
existed,existé
existence,existence
exists,existant
exit,sortir
expect,attendre
expected,attendu
expecting,attendant
expensive,chere
experience,vivre
experienced,expérimenté
experiment,expérience
expert,expert
explain,Explique
explained,expliqué
explains,explique
explanation,explication
explode,exploser
explosion,explosion
exposed,exposé
express,Express
expression,expression
extra,En plus
extraordinary,extraordinaire
extreme,extrême
extremely,extrêmement
eye,œil
eyes,les yeux
f,F
fabulous,fabuleux
face,Visage
faced,face à face
faces,visages
facility,facilité
facing,orienté vers
fact,fait
factory,usine
facts,les faits
fail,échouer
failed,manqué
failure,échec
faint,perdre connaissance
fair,équitable
fairly,équitablement
fairy,Fée
faith,Foi
faithful,fidèle
fake,faux
fall,tomber
fallen,déchu
falling,chute
falls,des chutes
fame,célébrité
familiar,familier
families,familles
family,famille
famous,célèbre
fan,ventilateur
fancy,fantaisie
fans,Ventilateurs
fantastic,fantastique
fantasy,fantaisie
far,loin
farewell,adieu
farm,cultiver
farmer,agriculteur
fascinating,fascinant
fashion,mode
fast,vite
faster,plus rapide
fat,gros
fate,sort
father,père
fathers,pères
fault,défaut
favor,favoriser
favorite,favori
favour,favoriser
favourite,favori
fbi,FBI
fear,craindre
fears,peurs
feast,festin
fed,nourris
federal,fédéral
fee,frais
feed,nourrir
feeding,alimentation
feel,se sentir
feeling,sentiment
feelings,sentiments
feels,se sent
feet,pieds
felix,felix
fell,abattre
fella,gars
fellas,gars
fellow,compagnon
felt,feutre
female,femelle
fence,clôture
festival,festival
fetch,aller chercher
fever,fièvre
few,peu
field,champ
fields,des champs
fifteen,quinze
fifth,cinquième
fifty,cinquante
fight,lutte
fighter,combattant
fighting,lutte
fights,combats
figure,chiffre
figured,figuré
figures,Les figures
file,dossier
filed,déposé
files,des dossiers
fill,remplir
filled,rempli
filling,remplissage
film,film
filming,tournage
films,films
filthy,sale
final,final
finally,finalement
financial,financier
find,trouver
finding,découverte
finds,découvertes
fine,bien
finest,meilleur
finger,doigt
fingerprints,empreintes
fingers,des doigts
finish,terminer
finished,achevé
fire,Feu
fired,licencié
fires,les feux
firing,cuisson
firm,solidifier
first,première
fish,poisson
fishing,faire de la pêche
fist,poing
fit,adapter
fits,ajustement
five,cinq
fix,réparer
fixed,fixé
flag,drapeau
flame,flamme
flames,flammes
flash,éclat
flat,appartement
fleet,flotte
flesh,chair
flew,a volé
flies,mouches
flight,voyage en avion
flip,retourner
floating,flottant
floor,sol
florida,Floride
flow,couler
flower,fleur
flowers,fleurs
fly,mouche
flying,en volant
focus,se concentrer
focused,concentré
folk,populaire
folks,gens
follow,suivre
followed,suivi
following,Suivant
fond,affronter
food,aliments
fool,idiot
fooled,dupé
fooling,tromperie
foolish,insensé
fools,imbécile
foot,le pied
footage,images
football,Football
footsteps,trace de pas
for,pour
forbid,interdire
forbidden,interdit
force,Obliger
forced,forcé
forces,les forces
ford,gué
foreign,étranger
forest,forêt
forever,toujours
forget,Oubliez
forgetting,oubli
forgive,pardonner
forgiveness,le pardon
forgot,oublié
forgotten,oublié
form,formulaire
formed,formé
former,ancien
forms,formes
fort,fort
forth,en avant
fortune,fortune
forward,vers l'avant
foster,favoriser
fought,combattu
foul,faute
found,trouvé
foundation,fondation
four,quatre
fourth,Quatrième
fox,renard
frame,Cadre
france,La France
francis,Francis
francisco,Francisco
francs,francs
frank,franc
frankie,franc
franklin,Franklin
frankly,franchement
fraud,fraude
freak,Freak
freaking,flippant
fred,Fred
freddy,freddy
free,libre
freedom,liberté
freeze,gel
freezing,gelé
french,français
fresh,Frais
friday,Vendredi
fridge,frigo
fried,frit
friend,ami
friendly,amical
friends,copains
friendship,relation amicale
frightened,effrayé
frog,grenouille
from,de
front,de face
frozen,congelé
fruit,fruit
fry,frire
fu,fu
fuck,Merde
fucked,baisé
fucker,Enfoiré
fuckin,putain
fucking,putain de
fuel,le carburant
full,plein
fully,pleinement
fun,amusement
function,fonction
fund,fonds
funeral,funéraire
funny,drôle
furniture,meubles
further,plus loin
fuss,s'agiter
future,avenir
g,g
gabriel,Gabriel
gain,Gain
galaxy,galaxie
gallery,Galerie
gambling,jeux d'argent
game,Jeu
games,Jeux
gang,gang
garage,garage
garbage,des ordures
garden,jardin
gary,Gary
gas,gaz
gasping,halètement
gasps,halètement
gate,portail
gates,portes
gather,rassembler
gathered,réunis
gave,a donné
gay,gay
gear,équipement
gee,faire un coup de poing
geez,débordement
gene,gène
general,général
generation,génération
generous,généreuse
genius,génie
gentle,doux
gentleman,gentleman
gentlemen,Messieurs
gently,doucement
genuine,véritable
george,George
german,allemand
germans,Allemands
germany,Allemagne
get,obtenir
gets,se faire
gettin,gettin
getting,obtenir
ghost,fantôme
ghosts,des fantômes
giant,géant
gibbs,gibbs
gift,cadeau
gifts,cadeaux
gig,concert
giggles,rires
giggling,fou rire
gimme,donner un coup de pied
gina,gina
ginger,Gingembre
girl,fille
girlfriend,petite amie
girls,les filles
give,donner
given,donné
gives,donner
giving,donnant
glad,content
glass,verre
glasses,lunettes
global,global
gloria,Gloria
glorious,glorieux
glory,gloire
gloves,gants
go,aller
goal,objectif
goat,chèvre
god,dieu
goddamn,putain
goddess,déesse
gods,dieux
goes,se rend
goin,va dans
going,Aller
gold,or
golden,d'or
golf,le golf
gone,disparu
gonna,va
good,bien
good-bye,au revoir
goodbye,au revoir
goodness,bonté
goodnight,Bonsoir
goods,des biens
goose,oie
gordon,gordon
gorgeous,magnifique
gosh,gosh
gossip,potins
got,a obtenu
gotta,Je dois
gotten,se promener
government,gouvernement
governor,gouverneur
grab,saisir
grabbed,saisi
grace,la grâce
grade,noter
graduate,diplômé
graham,graham
grand,grandiose
grandfather,grand-père
grandma,grand-mère
grandmother,grand-mère
grandpa,grand-père
grandson,petit fils
granny,mamie
grant,accorder
granted,accordé
grass,herbe
grateful,reconnaissant
grave,la tombe
gravity,la gravité
gray,grise
great,génial
greater,plus grand
greatest,le plus grand
greek,grec
green,vert
greetings,salutations
greg,greg
grew,faire grandir
grey,gris
grief,douleur
grip,saisir
groaning,gémissant
groans,gémissements
groom,marié
gross,brut
ground,terrain
grounds,terrains
group,groupe
groups,groupes
grow,grandir
growing,croissance
growling,grondement
growls,grognements
grown,cultivé
grows,grandir
grunting,grognement
grunts,grogner
guarantee,garantie
guard,gardien
guardian,Gardien
guards,gardes
guess,deviner
guessing,devinant
guest,invité
guests,invités
guide,guide
guilt,culpabilité
guilty,coupable
guitar,guitare
gum,gencive
gun,pistolet
gunfire,fusillade
guns,canons
gunshot,coup de feu
gunshots,coups de feu
gus,gus
gut,intestin
guts,entrailles
guy,mec
guys,les mecs
gym,Gym
h,H
ha,Ha
habit,habitude
had,avais
hadn,n'avoir pas
hail,grêle
hair,Cheveu
half,demi
halfway,à mi-chemin
hall,salle
halloween,Halloween
halt,arrêt
ham,jambon
hammer,marteau
han,Han
hand,main
handed,remis
handle,manipuler
handled,manipulé
handling,manutention
hands,mains
handsome,Beau
hang,pendre
hanging,suspendu
hank,hanche
hannah,Hannah
happen,se produire
happened,passé
happening,événement
happens,arrive
happier,plus heureux
happily,Heureusement
happiness,Bonheur
happy,heureux
hard,dur
harder,Plus fort
hardly,à peine
harm,préjudice
harold,Harold
harper,Harper
harris,Harris
harry,harceler
harsh,dur
harvey,Harvey
has,a
hasn,hasé
hat,chapeau
hate,détester
hated,détesté
hates,déteste
hatred,haine
have,ont
haven,havre
having,ayant
he,il
head,tête
headache,mal de tête
headed,à tête
heading,titre
headquarters,quartier général
heads,têtes
heal,guérir
health,santé
healthy,en bonne santé
hear,écouter
heard,entendu
hearing,audience
heart,cœur
hearts,cœurs
heat,Chauffer
heather,chauffage
heaven,paradis
heavens,cieux
heavily,fortement
heavy,lourd
heck,Zut
hector,Hector
heels,talons
heh,il h
height,la taille
held,tenu
helen,Helen
helicopter,hélicoptère
hell,enfer
hello,bonjour
helmet,casque
help,aider
helped,aidé
helpful,utile
helping,portion
helps,aider
henry,Henri
her,son
hercules,Hercule
here,ici
hero,héros
heroes,héros
heroin,héroïne
herr,Herr
hers,la sienne
herself,se
hey,hé
hi,salut
hid,se cacher
hidden,caché
hide,cacher
hiding,cache
high,haute
higher,plus haut
highest,le plus élevé
highly,très
highness,altesse
highway,Autoroute
hill,colline
hills,collines
him,lui
himself,lui-même
hip,hanche
hire,embaucher
hired,embauché
his,le sien
history,l'histoire
hit,succès
hitler,Hitler
hits,les coups
hitting,frappe
hm,HM
hmm,hmm
ho,ho
hold,tenir
holding,holding
holds,cale
hole,trou
holes,des trous
holiday,vacance
holidays,vacances
holly,houx
hollywood,Hollywood
holmes,Holmes
holy,saint
home,domicile
homeless,sans-abri
homer,Homère
homes,maisons
homework,devoirs
homicide,homicide
hon,son
honest,honnête
honestly,franchement
honey,Miel
honeymoon,voyage de noces
hong,hong
honking,klaxon
honor,honneur
honored,honoré
honour,honneur
hood,capot
hook,accrocher
hooked,accroché
hop,saut
hope,espoir
hoped,espéré
hopefully,avec un peu de chance
hopeless,désespéré
hopes,espoir
hoping,en espérant
horn,klaxon
horrible,horrible
horror,horreur
horse,cheval
horses,les chevaux
hospital,hôpital
host,héberger
hostage,otage
hot,chaud
hotel,Hôtel
hour,heure
hours,heures
house,loger
houses,Maisons
how,comment
howard,howard
however,toutefois
hug,étreinte
huge,énorme
huh,hein
human,Humain
humanity,humanité
humans,humains
humble,humble
humming,bourdonnement
humor,humour
hundred,cent
hundreds,centaines
hung,suspendu
hunger,faim
hungry,faim
hunt,chasse
hunter,chasseur
hunting,chasse
hurry,dépêche toi
hurt,blesser
hurting,blessé
hurts,fait mal
husband,mari
hut,cabane
i,je
i,je
i-,je-
i-i,i-i
i.,je.
i.d.,identifiant.
I'm,je suis
i've,j'ai
ian,Ian
ice,la glace
id,identifiant
idea,idée
ideal,idéal
ideas,idées
identified,identifié
identify,identité
identity,identité
idiot,idiot
idiots,idiots
if,si
ignore,ignorer
ii,ii
ii,ii
iike,iike
ill,malade
illegal,illégal
illness,maladies
image,image
images,images
imagination,imagination
imagine,imaginer
imagined,imaginé
immediate,immédiat
immediately,immédiatement
immunity,immunité
impact,impact
imperial,impérial
importance,importance
important,important
impossible,impossible
impress,impressionner
impressed,impressionné
impression,impression
impressive,Impressionant
improve,améliorer
in,dans
inch,pouce
inches,pouces
incident,incident
include,comprendre
including,y compris
increase,augmenter
incredible,incroyable
incredibly,incroyablement
indeed,En effet
independent,indépendant
india,Inde
indian,Indien
indians,Indiens
indistinct,indistinct
indistinctly,indistinctement
individual,individuel
industry,industrie
infected,infecté
infection,infection
influence,rayonnement
inform,informer
information,informations
informed,informé
injured,blessée
injuries,blessures
injury,blessure
inn,auberge
inner,intérieur
innocent,innocent
insane,fou
inside,à l'intérieur
insist,insister
insisted,insisté
inspector,inspecteur
inspired,inspiré
instance,exemple
instant,instantané
instead,Au lieu
instructions,des instructions
instrumental,instrumental
insult,insulte
insurance,Assurance
intelligence,intelligence
intelligent,intelligente
intend,intention
intended,prévu
intense,intense
intention,intention
interest,intérêt
interested,intéressé
interesting,intéressant
interests,intérêts
interfere,interférer
internal,interne
international,international
internet,l'Internet
interrupt,couper la parole
interview,interview
into,dans
introduce,introduire
introduced,présenté
invented,a inventé
investigate,enquêter
investigating,enquêteur
investigation,enquête
investment,investissement
invisible,invisible
invitation,invitation
invite,inviter
invited,invité
involved,impliqué
iraq,Irak
irish,irlandais
iron,le fer
is,est
island,île
islands,îles
isn,norme
israel,Israël
issue,publier
issues,problèmes
it,ce
italian,italien
italy,Italie
item,Objet
items,éléments
its,son
itself,lui-même
ivan,Ivan
j,J
jack,jack
jacket,veste
jackie,jackie
jackson,Jackson
jacob,Jacob
jail,prison
jake,jake
jam,Confiture
james,James
jamie,Jamie
jane,Jeanne
janet,Janet
january,janvier
japan,Japon
japanese,Japonais
jason,Jason
jay,geai
jazz,le jazz
jealous,jaloux
jean,jean
jeez,bonder
jeff,Jeff
jen,Jen
jenna,jenna
jennifer,Jennifer
jenny,Jenny
jeremy,jeremy
jerk,secousse
jerry,jerry
jersey,Jersey
jess,Jess
jesse,Jesse
jessica,Jessica
jesus,Jésus
jet,jet
jew,Juif
jewelry,bijoux
jewish,juif
jews,les Juifs
jill,jill
jim,Jim
jimmy,Jimmy
jin,Jin
jo,Jo
joan,Joan
job,travail
jobs,travaux
joe,Joe
joey,Joey
john,Jean
johnny,Johnny
johnson,Johnson
join,rejoindre
joined,joint
joining,joindre
joint,découper
joke,plaisanter
jokes,blagues
joking,plaisanterie
jon,Jon
jonathan,Jonathan
jones,Jones
jordan,Jordan
joseph,Joseph
josh,Josh
journalist,journaliste
journey,périple
joy,joie
juan,juan
judge,juge
judges,juges
judging,jugement
judgment,jugement
judy,Judy
juice,jus
jules,jules
julia,Julia
julian,julien
julie,Julie
july,juillet
jump,saut
jumped,sauté
jumping,saut
june,juin
jungle,jungle
junior,junior
junk,déchet
jury,jury
just,juste
just-,juste-
justice,Justice
justin,Justin
k,k
kang,kang
karen,Karen
karl,karl
kate,Kate
katie,Katie
keen,enthousiaste
keep,donjon
keeping,en gardant
keeps,garder
keith,Keith
kelly,kelly
ken,ken
kenny,Kenny
kent,Kent
kept,gardé
kevin,Kevin
key,clé
keys,clés
khan,khan
kick,donner un coup
kicked,botté
kicking,coup de pied
kid,enfant
kidding,plaisanter
kidnapped,kidnappé
kidnapping,enlèvement
kids,des gamins
kill,tuer
killed,tué
killer,tueur
killers,tueurs
killing,meurtre
kills,tueries
kim,kim
kind,gentil
kinda,en quelque sorte
kindly,gentil
kindness,la gentillesse
kinds,type
king,Roi
kingdom,Royaume
kings,rois
kiss,embrasser
kissed,embrassé
kisses,baisers
kissing,baiser
kit,trousse
kitchen,cuisine
kitty,minou
knee,genou
knees,genoux
knew,connaissait
knife,couteau
knight,Chevalier
knock,frappe
knocked,frappé
knocking,cognement
know,connaître
knowing,connaissance
knowledge,connaissances
known,connu
knows,sache
kong,kong
korea,Corée
korean,coréen
kurt,kurt
kyle,kyle
l,l
l.a.,la.
la,la
lab,laboratoire
labor,travail
lack,manque
lad,garçon
ladder,échelle
ladies,Dames
lads,femelles
lady,la demoiselle
laid,posé
lake,Lac
lamb,agneau
lame,boiteux
lamp,lampe
lance,lance
land,terrain
landed,a atterri
landing,un atterrissage
lands,terres
lane,voie
language,Langue
lap,tour
large,grand
larger,plus grande
largest,le plus grand
larry,larry
last,dernière
late,en retard
lately,dernièrement
later,plus tard
latest,dernier
latin,Latin
laugh,rire
laughed,rire
laughing,riant
laughs,des rires
laughter,rire
launch,lancement
laundry,lessive
laura,Laura
lauren,Lauren
law,droit
lawrence,Lawrence
laws,lois
lawyer,avocat
lawyers,avocats
lay,allonger
laying,pose
lazy,paresseux
le,le
lead,conduire
leader,chef
leaders,dirigeants
leading,premier
leads,pistes
league,ligue
leak,fuite
lean,maigre
learn,apprendre
learned,appris
learning,apprentissage
least,moins
leather,cuir
leave,Pars
leaves,feuilles
leaving,en quittant
lecture,conférence
led,LED
lee,percevoir
left,la gauche
leg,jambe
legal,juridique
legend,Légende
legs,les jambes
lemon,citron
lend,prêter
leo,Leo
leon,leon
leonard,léonard
leslie,Leslie
less,moins
lesson,leçon
lessons,cours
let,laisser
lets,laisse
letter,lettre
letters,des lettres
letting,location
level,niveau
levels,niveaux
lewis,Lewis
lf,LF
li,li
liam,liam
liar,menteur
liberty,liberté
library,bibliothèque
license,Licence
lie,mentir
lied,menti
lies,mensonges
lieutenant,lieutenant
life,la vie
lifetime,durée de vie
lift,lever
light,lumière
lighter,plus léger
lightning,éclair
lights,lumières
like,Comme
liked,aimé
likely,probable
likes,aime
lily,lis
limit,limite
limited,limité
limits,limites
lincoln,Lincoln
linda,linda
line,ligne
lines,lignes
link,lien
lion,lion
lip,lèvre
lips,lèvres
liquid,liquide
liquor,alcool
lisa,Lisa
list,liste
listen,Ecoutez
listened,écouté
listening,écoute
lit,éclairé
literally,au sens propre
little,peu
live,Direct
lived,vivait
liver,foie
lives,des vies
living,vivant
liz,Liz
ll,ll
lloyd,lloyd
ln,LN
lo,à
load,charger
loaded,chargé
loan,prêt
local,local
located,situé
location,emplacement
lock,bloquer
locked,fermé à clé
locker,casier
log,Journal
logan,Logan
lois,Lois
london,Londres
lonely,solitaire
long,long
longer,plus long
look,voir
looked,avoir regardé
lookin,regarder dans
looking,en regardant
looks,regards
loose,ample
lord,seigneur
los,los
lose,perdre
loser,perdant
loses,perdus
losing,perdant
loss,perte
lost,perdu
lot,parcelle
lots,beaucoup
lou,louche
loud,fort
louder,Plus fort
louis,Louis
louise,Louise
lousy,pouilleux
love,aimer
loved,aimé
lovely,joli
lover,amoureux
lovers,les amoureux
loves,amours
loving,aimant
low,bas
lower,plus bas
loyal,loyal
loyalty,loyauté
ls,LS
lt,LT
lucas,Lucas
luck,chance
luckily,Heureusement
lucky,chanceux
lucy,Lucy
luggage,bagage
luke,luck
lunch,déjeuner
lung,poumon
lungs,poumons
lying,mensonge
m,m
ma,mâle
mac,Mac
machine,machine
machines,Machines
mad,fou
madam,madame
madame,Madame
made,fabriqué
madness,la démence
magazine,magazine
maggie,Maggie
magic,la magie
magical,magique
magnificent,magnifique
maid,Femme de ménage
mail,courrier
main,principale
maintain,maintenir
majesty,majesté
major,Majeur
make,Fabriquer
makes,fait du
makeup,se maquiller
making,fabrication
malcolm,malcolm
male,Masculin
mall,centre commercial
mama,maman
man,homme
manage,faire en sorte
managed,géré
management,la gestion
manager,gestionnaire
mankind,humanité
manner,manière
manners,manières
many,de nombreux
map,carte
march,Mars
marco,marco
marcus,marcus
margaret,margaret
maria,Maria
marie,Marie
marine,Marin
mario,Mario
mark,marque
marked,marqué
market,marché
marks,Des marques
marriage,mariage
married,marié
marry,marier
marrying,se marier
mars,Mars
marshal,maréchal
marshall,maréchal
martha,Martha
martial,martial
martin,Martin
marty,Marty
mary,Marie
mask,masque
mason,le maçon
mass,Masse
massage,massage
massive,massif
master,Maître
masters,maîtrise
match,match
matches,allumettes
mate,camarade
material,Matériel
math,math
matt,mat
matter,question
matters,questions
matthew,Matthieu
max,max
may,peut
maya,Maya
maybe,peut être
mayor,maire
me,moi
meal,repas
mean,moyenne
meaning,sens
means,moyens
meant,censé
meantime,entre temps
meanwhile,pendant ce temps
measure,mesure
meat,Viande
medal,médaille
media,médias
medical,médical
medication,médicament
medicine,Médicament
meet,rencontrer
meeting,Rencontre
meetings,réunions
megan,Megan
mel,mel
melissa,mélisse
member,membre
members,membres
memories,souvenirs
memory,Mémoire
men,Hommes
mental,mental
mention,mention
mentioned,mentionné
menu,menu
mercy,miséricorde
mere,simple
merely,seulement
merry,joyeux
mess,désordre
message,message
messages,messages
messed,fous
messing,désordre
met,rencontré
metal,métal
meters,mètres
method,méthode
mexican,mexicain
mexico,Mexique
mi,mi
mia,mia
miami,Miami
michael,Michael
michelle,Michelle
mickey,Mickey
middle,milieu
midnight,minuit
might,force
mighty,puissant
mike,Mike
mile,mile
miles,kilomètres
military,militaire
milk,Le Lait
miller,meunier
million,million
millions,des millions
mind,dérange
minds,esprit
mine,mien
minister,ministre
minor,mineure
minute,minute
minutes,minutes
miracle,miracle
mirror,miroir
miserable,misérable
misery,misère
miss,Mademoiselle
missed,manqué
missing,disparu
mission,mission
mistake,erreur
mistaken,se tromper
mistakes,erreurs
mister,Monsieur
mistress,maîtresse
misunderstanding,malentendu
mitch,mitch
mitchell,Mitchell
mix,mélanger
mixed,mixte
mm,MM
mm-hm,mm-hm
mm-hmm,mm-hmm
mmm,mmm
mmm-hmm,mmm-hmm
mo,MO
moaning,gémissant
mob,foule
mobile,portable
model,maquette
models,des modèles
modern,moderne
molly,Molly
mom,maman
moment,moment
moments,des moments
mommy,maman
mon,lun
monday,Lundi
money,argent
monica,monica
monitor,moniteur
monk,moine
monkey,singe
monsieur,Monsieur
monster,monstre
monsters,monstres
month,mois
months,mois
mood,ambiance
moon,lune
moral,moral
more,Suite
morgan,Morgan
morning,Matin
moron,imbécile
moscow,Moscou
most,plus
mostly,la plupart
motel,motel
mother,mère
motherfucker,connard
mothers,mères
motion,mouvement
motive,motif
motor,moteur
motorcycle,moto
mount,monter
mountain,Montagne
mountains,montagnes
mouse,Souris
mouth,bouche
move,mouvement
moved,déplacé
movement,mouvement
moves,se déplace
movie,film
movies,films
moving,en mouvement
mr,m
mr.,m.
mrs,Madame
mrs.,Madame.
ms,Mme
ms.,m / s.
much,beaucoup
mud,boue
muffled,étouffé
multiple,plusieurs
mum,maman
mummy,Momie
murder,meurtre
murdered,assassiné
murderer,meurtrier
murders,meurtres
murphy,Murphy
muscle,le muscle
museum,musée
music,musique
musical,musical
must,devoir
mustn,incontournable
my,ma
myself,moi même
mysterious,mystérieux
mystery,mystère
n,n
na,n / A
nah,non
nail,clou
nails,clous
naked,nu
name,Nom
named,nommé
names,des noms
nancy,nancy
nanny,nounou
nap,sieste
narrator,narrateur
narrow,étroit
nasty,méchant
natalie,natalie
nate,nate
nathan,Nathan
nation,nation
national,nationale
native,originaire de
natural,Naturel
naturally,naturellement
nature,la nature
naughty,vilain
navy,marine
near,à proximité
nearby,tout près d'ici
nearly,presque
neat,soigné
necessarily,nécessairement
necessary,nécessaire
neck,cou
necklace,Collier
ned,ned
need,besoin
needed,nécessaire
needle,aiguille
needs,Besoins
negative,négatif
neighbor,voisine
neighborhood,quartier
neighbors,voisins
neil,neil
neither,ni
nelson,Nelson
nephew,neveu
nerve,nerf
nerves,nerfs
nervous,nerveux
nest,nid
net,rapporter
network,réseau
never,jamais
new,Nouveau
news,nouvelles
newspaper,un journal
newspapers,journaux
next,Suivant
nice,agréable
nicely,bien
nick,pseudo
nicole,Nicole
niece,la nièce
nigga,nigga
night,nuit
nightmare,cauchemar
nights,nuits
nina,Nina
nine,neuf
no,non
no-one,personne
no.,non.
noah,Noé
noble,noble
nobody,personne
noise,bruit
none,rien
nonsense,absurdité
noon,midi
nope,Nan
nor,ni
nora,nora
normal,Ordinaire
normally,normalement
norman,normand
north,Nord
northern,nord
nose,nez
not,ne pas
note,Remarque
notes,Remarques
nothin,rien
nothing,rien
notice,remarquer
noticed,remarqué
novel,roman
november,novembre
now,à présent
nowadays,de nos jours
nowhere,nulle part
nuclear,nucléaire
number,Numéro
numbers,Nombres
nurse,infirmière
nut,noix
nuts,des noisettes
o,o
oath,serment
obey,obéit
object,objet
objection,objection
objects,objets
observe,observer
obsessed,obsédé
obvious,évident
obviously,évidemment
occasion,occasion
occurred,eu lieu
ocean,océan
october,octobre
odd,étrange
odds,chances
of,de
off,à l'arrêt
offense,infraction
offer,offrir
offered,offert
offering,offre
office,Bureau
officer,officier
officers,officiers
official,officiel
officially,officiellement
often,souvent
oh,oh
ohh,ohh
oi,oi
oil,pétrole
ok,d'accord
okay,d'accord
old,Agé de
older,plus âgée
oldest,le plus ancien
oliver,Oliver
olivia,Olivia
on,sur
once,une fois que
one,une
ones,ceux
online,en ligne
only,seulement
onto,sur
ooh,ooh
oops,Oops
open,ouvert
opened,ouvert
opening,ouverture
opens,ouvrir
opera,opéra
operate,fonctionner
operating,en fonctionnement
operation,opération
operations,opérations
operator,opérateur
opinion,opinion
opportunity,occasion
opposite,opposé
option,option
options,options
or,ou
orange,orange
order,ordre
ordered,commandé
orders,ordres
ordinary,ordinaire
organization,organisme
organized,organisé
original,original
oscar,oscar
other,autre
others,les autres
otherwise,Par ailleurs
ouch,Aie
ought,devrait
our,notre
ours,les notres
ourselves,nous-mêmes
out,dehors
outfit,tenue
outside,à l'extérieur
outta,sortir
oven,four
over,plus de
overnight,pendant la nuit
ow,ow
owe,devoir
owen,owen
own,posséder
owned,propriétaire
owner,propriétaire
owns,propriétaire
oxygen,oxygène
p,p
p.m.,P.M.
pa,Pennsylvanie
pacific,pacifique
pack,paquet
package,forfait
packed,emballé
packing,emballage
page,page
pages,pages
paid,payé
paige,Paige
pain,la douleur
painful,douloureux
paint,Peinture
painted,peint
painting,La peinture
paintings,peintures
pair,paire
pal,copain
palace,palais
pale,pâle
palm,palmier
pam,pam
pan,poêle
panic,panique
panting,halètement
pants,les pantalons
papa,papa
paper,papier
papers,papiers
paperwork,formalités administratives
parade,parade
paradise,paradis
paranoid,paranoïaque
pardon,pardon
parent,parent
parents,Parents
paris,Paris
park,parc
parked,en stationnement
parker,parker
parking,parking
part,partie
particular,particulier
particularly,notamment
parties,des soirées
partner,partenaire
partners,les partenaires
parts,les pièces
party,faire la fête
pass,passer
passed,passé
passengers,passagers
passes,col
passing,qui passe
passion,la passion
passport,passeport
past,passé
pat,tapoter
patch,correctif
path,chemin
pathetic,pathétique
patience,patience
patient,patient
patients,les patients
patrick,Patrick
patrol,patrouille
pattern,motif
paul,Paul
paula,Paula
pay,Payer
paying,payant
payment,Paiement
pays,paie
peace,paix
peaceful,pacifique
pearl,perle
pee,pipi
peggy,peggy
pen,stylo
penalty,peine
penis,pénis
penny,penny
people,personnes
pepper,poivre
per,par
percent,pour cent
perfect,parfait
perfectly,à la perfection
perform,effectuer
performance,performance
perfume,parfum
perhaps,peut-être
period,période
permanent,permanent
permission,autorisation
permit,permis
perry,poiré
person,la personne
personal,personnel
personality,personnalité
personally,personnellement
personnel,personnel
persons,personnes
perspective,perspective
pet,animaux
pete,pete
peter,Pierre
petty,petit
phase,phase
phil,Phil
philip,Philippe
phone,téléphoner
phones,Téléphone (s
photo,photo
photograph,photographier
photographer,photographe
photographs,photographies
photos,Photos
physical,physique
physically,physiquement
piano,piano
pick,prendre
picked,choisi
picking,cueillette
picture,image
pictures,des photos
pie,tarte
piece,pièce
pieces,pièces
pierce,transpercer
pierre,percer
pig,cochon
pigs,les cochons
pile,pile
pill,pilule
pillow,oreiller
pills,pilules
pilot,pilote
pin,broche
pink,rose
pipe,tuyau
piss,pisse
pissed,énervé
pit,fosse
pitch,terrain
pity,pitié
pizza,pizza
place,place
placed,mis
places,des endroits
plain,plaine
plan,planifier
plane,avion
planes,Avions
planet,planète
planets,planètes
planned,prévu
planning,Planification
plans,des plans
plant,plante
planted,planté
plants,végétaux
plastic,Plastique
plate,assiette
plates,assiettes
play,jouer
played,joué
player,joueur
players,joueurs
playing,en jouant
plays,pièces
pleasant,agréable
please,s'il vous plaît
pleased,heureux
pleasure,plaisir
plenty,abondance
plot,terrain
plus,plus
pm,PM
pocket,poche
pockets,les poches
poem,poème
poet,poète
poetry,poésie
point,indiquer
points,points
poison,poison
poisoned,empoisonné
poker,poker
pole,pôle
police,police
policeman,policier
policy,politique
polish,polonais
polite,poli
political,politique
politics,politique
pool,bassin
poor,pauvre
pop,populaire
pope,le pape
pops,pop
popular,populaire
population,population
pork,porc
porn,porno
port,Port
pos,point de point
position,position
positions,positions
positive,positif
possession,possession
possibility,possibilité
possible,possible
possibly,peut-être
post,Publier
posted,affiché
pot,pot
potato,Patate
potatoes,pommes de terre
potential,potentiel
pound,livre
pounds,livres sterling
pour,verser
powder,poudre
power,Puissance
powerful,puissant
powers,pouvoirs
practical,pratique
practically,pratiquement
practice,pratique
practicing,pratiquant
praise,louer
pray,prier
prayer,prière
prayers,prières
praying,prière
precious,précieux
precisely,précisément
prefer,préfère
pregnant,Enceinte
prepare,préparer
prepared,préparé
preparing,en train de préparer
presence,présence
present,cadeau
presents,cadeaux
president,Président
press,presse
pressure,pression
pretend,faire semblant
pretending,prétendre
pretty,jolie
prevent,empêcher
previous,précédent
previously,précédemment
prey,proie
price,le prix
prick,piquer
pride,Orgueil
priest,prêtre
primary,primaire
prime,prime
prince,prince
princess,Princesse
principal,directeur
print,imprimer
prints,tirages
priority,priorité
prison,prison
prisoner,prisonnier
prisoners,les prisonniers
privacy,intimité
private,privé
prize,prix
pro,pro
probably,Probablement
problem,problème
problems,problèmes
procedure,procédure
proceed,poursuivre
process,traiter
produce,produire
produced,produit
producer,producteur
product,produit
production,production
profession,profession
professional,professionnelle
professor,professeur
profile,profil
profit,profit
program,programme
progress,le progrès
project,projet
prom,bal de promo
promise,promettre
promised,promis
promises,promesses
promotion,promotion
proof,preuve
proper,correct
properly,correctement
property,propriété
proposal,proposition
propose,proposer
prosecutor,procureur
protect,protéger
protected,protégé
protecting,protecteur
protection,protection
protest,manifestation
proud,fier
prove,prouver
proved,prouvé
provide,apporter
provided,fourni
psychic,psychique
psycho,psycho
pub,pub
public,Publique
pull,tirer
pulled,tiré
pulling,tirant
pulse,impulsion
pump,pompe
punch,coup de poing
punish,punir
punished,puni
punishment,Châtiment
punk,punk
puppy,chiot
pure,pur
purple,violet
purpose,objectif
purse,sac
push,pousser
pushed,poussé
pushing,poussée
pussy,chatte
put,mettre
puts,put
putting,en mettant
quality,qualité
quarter,trimestre
quarters,quartiers
queen,reine
question,question
questioning,interrogatoire
questions,des questions
quick,rapide
quickly,rapidement
quiet,calme
quietly,tranquillement
quinn,quinn
quit,quitter
quite,assez
quote,Devis
r,r
rabbit,lapin
race,course
rachel,Rachel
racing,courses
radar,radar
radiation,radiation
radio,radio
rage,rage
raid,raid
rain,pluie
raining,il pleut
raise,soulever
raised,soulevé
raising,élevage
ralph,ralph
ram,RAM
ran,couru
ranch,ranch
random,Aléatoire
randy,excité
range,intervalle
rangers,rangers
rap,rap
rape,râpé
raped,violé
rare,rare
rat,rat
rate,évaluer
rather,plutôt
rats,les rats
raw,cru
ray,rayon
raymond,Raymond
re,concernant
reach,atteindre
reached,atteint
react,réagir
reaction,réaction
read,lis
reading,en train de lire
ready,prêt
real,réel
realise,prendre conscience de
realised,réalisé
reality,réalité
realize,prendre conscience de
realized,réalisé
really,vraiment
rear,arrière
reason,raison
reasonable,raisonnable
reasons,les raisons
rebecca,Rebecca
recall,rappeler
receive,recevoir
received,reçu
recent,récent
recently,récemment
reception,ACCUEIL
reckon,croire
recognise,reconnaître
recognize,reconnaître
recognized,reconnu
recommend,recommander
record,enregistrement
recorded,enregistré
recording,enregistrement
records,enregistrements
recover,récupérer
recovered,rétabli
recovery,récupération
red,rouge
refuse,refuser
refused,refusé
regarding,En ce qui concerne
region,Région
register,S'inscrire
registered,inscrit
regret,regret
regular,habituel
rehearsal,répétition
related,en relation
relations,rapports
relationship,relation
relationships,des relations
relative,relatif
relatives,les proches
relax,Détendez-vous
release,Libération
released,publié
relief,le soulagement
relieved,soulagé
religion,la religion
religious,religieux
rely,compter
remain,rester
remaining,restant
remains,restes
remarkable,remarquable
remember,rappelles toi
remembered,rappelé
remind,rappeler
reminds,rappeler
remote,télécommande
remove,retirer
removed,supprimé
rent,location
repair,réparation
repeat,répéter
replace,remplacer
replaced,remplacé
report,rapport
reported,signalé
reporter,journaliste
reporting,déclaration
reports,rapports
represent,représenter
republic,république
reputation,réputation
request,demande
requested,demandé
require,exiger
required,obligatoire
requires,a besoin
rescue,sauvetage
research,rechercher
resist,résister
resistance,la résistance
resources,Ressources
respect,respect
respond,répondre
response,réponse
responsibility,responsabilité
responsible,responsable
rest,le repos
restaurant,restaurant
result,résultat
results,résultats
retired,à la retraite
retreat,battre en retraite
return,revenir
returned,revenu
returning,retour
returns,Retour
reveal,révéler
revealed,révélé
revenge,vengeance
reverend,révérend
reverse,inverse
review,examen
revolution,révolution
reward,récompense
rex,rex
rhythm,rythme
rice,riz
rich,riche
richard,Richard
rick,meule
ricky,ricky
rid,débarrasser
ride,balade
ridiculous,ridicule
riding,équitation
rifle,fusil
right,droit
rights,droits
riley,Riley
ring,bague
ringing,sonnerie
rings,anneaux
rip,repose en paix
ripped,déchiré
rise,monter
rising,en hausse
risk,risque
risks,des risques
risky,risqué
rita,Rita
ritual,rituel
river,fleuve
road,route
roads,routes
roaring,rugissement
rob,Rob
robbed,volé
robbery,vol
robert,Robert
robin,roupler
robot,robot
rock,rock
rocket,fusée
rocks,rochers
rocky,rocheux
roger,Roger
role,rôle
roll,rouleau
rolling,roulant
roman,romain
romance,romance
romantic,romantique
rome,Rome
romeo,Roméo
ron,Ron
ronnie,ronnie
roof,toit
room,chambre
roommate,colocataire
rooms,pièces
root,racine
rope,corde
rosa,Rosa
rose,Rose
roses,des roses
rosie,rosie
ross,ross
rotten,pourri
rough,rugueux
round,tour
rounds,Les manches
route,itinéraire
routine,routine
row,ligne
roy,roy
royal,Royal
rub,frotter
rubber,caoutchouc
rubbish,déchets
ruby,rubis
rude,Impoli
ruin,ruine
ruined,ruiné
rule,régner
rules,règles
rumbling,grondement
rumor,rumeur
rumors,rumeurs
run,Cours
running,fonctionnement
runs,courses
rush,se ruer
russell,Russell
russia,Russie
russian,russe
russians,les Russes
rusty,rouillé
ruth,Ruth
ryan,Ryan
s,s
s-,s-
sack,sac
sacred,sacré
sacrifice,sacrifice
sad,triste
safe,sûr
safely,sans encombre
safer,plus sûr
safety,sécurité
said,a dit
sail,naviguer
saint,Saint
sake,Saké
salad,salade
salary,un salaire
sale,vendre
sales,Ventes
sally,sortie
salt,sel
sam,Sam
samantha,Samantha
same,même
sammy,sammy
sample,goûter
samples,échantillons
san,San
sand,le sable
sandra,Sandra
sandwich,sandwich
sandy,sablonneux
sang,a chanté
santa,Père Noël
sara,Sara
sarah,Sarah
sarge,sarge
sat,assis
satan,Satan
satellite,Satellite
satisfied,satisfait
saturday,samedi
sauce,sauce
save,enregistrer
saved,enregistré
saving,économie
saw,vu
say,dire
saying,en disant
says,dit
scale,échelle
scan,analyse
scandal,scandale
scar,cicatrice
scare,effrayer
scared,effrayé
scary,angoissant
scene,scène
scenes,scènes
schedule,programme
school,école
schools,écoles
science,la science
scientific,scientifique
scientist,scientifique
scientists,scientifiques
scoffs,se moquer de
score,score
scotch,scotch
scotland,Écosse
scott,Scott
scout,scout
scratch,se gratter
scream,pousser un cri
screaming,en hurlant
screams,cris
screeching,crispade
screen,filtrer
screw,vis
screwed,vissé
script,scénario
scum,écume
sea,mer
seal,sceller
sealed,scellé
sean,Sean
search,chercher
searched,cherché
searching,recherche
season,saison
seat,siège
seats,des places
sebastian,Sébastien
sec,seconde
second,deuxième
seconds,secondes
secret,secret
secretary,secrétaire
secrets,secrets
section,section
secure,sécurisé
security,Sécurité
see,voir
seeing,voyant
seek,chercher
seem,sembler
seemed,semblant
seems,semble
seen,vu
sees,voir
self,soi
selfish,égoïste
sell,vendre
selling,vente
senator,sénateur
send,envoyer
sending,Envoi en cours
sends,envoi
senior,Sénior
sense,sens
senses,sens
sensitive,sensible
sent,expédié
sentence,phrase
separate,séparé
separated,séparé
september,septembre
sergeant,sergent
serial,en série
series,série
serious,sérieuse
seriously,sérieusement
servant,serviteur
servants,domestiques
serve,servez
served,servi
service,service
services,prestations de service
serving,portion
session,session
set,Positionner
seth,Seth
sets,sets
setting,paramètre
settle,régler
settled,colonisé
seven,Sept
several,plusieurs
severe,sévère
sex,sexe
sexual,sexuel
sexy,sexy
shadow,ombre
shadows,ombres
shake,secouer
shaking,tremblement
shall,devoir
shame,la honte
shane,shane
shape,forme
share,partager
shared,partagé
sharing,partage
shark,requin
sharp,tranchant
shave,raser
shawn,minet
she,elle
shed,hangar
sheep,mouton
sheet,feuille
sheets,des draps
shell,coquille
shelter,abri
sheriff,shérif
shh,shh
shield,bouclier
shift,décalage
shine,briller
shining,brillant
ship,bateau
ships,navires
shirt,chemise
shit,merde
shitty,merdique
shock,choc
shocked,sous le choc
shoe,chaussure
shoes,des chaussures
shoot,tirer
shooter,tireur
shooting,tournage
shop,magasin
shopping,achats
shore,rive
short,court
shortly,prochainement
shot,tir
shots,coups
should,devrait
shoulder,épaule
shoulders,épaules
shouldn,ne devrait pas
shout,cri
shouting,en criant
shouts,des cris
shove,pousser
show,Afficher
showed,montré
shower,douche
showing,projection
shown,indiqué
shows,spectacles
shut,fermer
shy,timide
si,si
sick,malade
sid,sid
side,côté
sides,côtés
sighing,soupirs
sighs,soupirer
sight,vue
sign,pancarte
signal,signal
signature,Signature
signed,signé
significant,important
signing,signature
signs,panneaux
silence,le silence
silent,silencieux
silk,soie
silly,idiot
silver,argent
similar,similaire
simon,Simon
simple,Facile
simply,simplement
sin,péché
since,puisque
sing,chanter
singer,chanteuse
singh,chant
singing,en chantant
single,Célibataire
sings,chanter
sink,évier
sins,péchés capitaux
sir,Monsieur
sire,sire
siren,sirène
sirens,sirènes
sis,soeur
sister,sœur
sisters,sœurs
sit,asseoir
site,placer
sits,se trouve
sitting,séance
situation,situation
six,six
sixth,sixième
size,Taille
skill,compétence
skills,compétences
skin,peau
skinny,mince
skip,sauter
skirt,jupe
skull,crâne
sky,ciel
slap,gifler
slave,trimer
slaves,des esclaves
sleep,dormir
sleeping,en train de dormir
slept,dormi
slide,faire glisser
slight,léger
slightly,légèrement
slip,caleçon
slipped,glissé
slow,lent
slowly,tout doucement
slut,salope
small,petit
smaller,plus petit
smart,intelligent
smarter,plus intelligent
smash,fracasser
smell,sentir
smells,odorce
smile,le sourire
smiling,souriant
smith,forgeron
smoke,fumée
smoking,fumeur
smooth,lisse
snake,serpent
snap,instantané
sneak,se faufiler
snow,neiger
so,alors
so-called,soi-disant
soap,du savon
sobbing,sanglot
sober,sobre
soccer,football
social,social
society,société
socks,chaussettes
soda,un soda
soft,"mou, tendre"
softly,doucement
soil,sol
solar,solaire
sold,vendu
soldier,soldat
soldiers,soldats
solid,solide
solo,solo
solution,la solution
solve,résoudre
solved,résolu
some,quelques
somebody,quelqu'un
someday,un jour
somehow,en quelque sorte
someone,quelqu'un
someplace,quelque part
somethin,quelque chose
something,quelque chose
sometime,parfois
sometimes,quelquefois
somewhat,quelque peu
somewhere,quelque part
son,fils
song,chanson
songs,Chansons
sonic,sonique
sonny,fiston
sons,fils
soon,bientôt
sooner,plus tôt
sophie,Sophie
sore,endolori
sorrow,tristesse
sorry,Pardon
sort,trier
sorts,sorte
soul,âme
souls,âme
sound,du son
sounded,sonore
sounds,des sons
soup,le potage
source,la source
south,sud
southern,du sud
soviet,soviétique
space,espace
spain,Espagne
spanish,Espagnol
spare,de rechange
speak,parler
speaker,conférencier
speaking,Parlant
speaks,parler
special,spécial
species,espèces
specific,spécifique
specifically,Plus précisément
speech,parole
speed,la rapidité
spell,sort
spencer,Spencer
spend,dépenser
spending,dépenses
spent,dépensé
spider,araignée
spike,pic
spin,tournoyer
spirit,esprit
spirits,esprits
spiritual,spirituel
spit,cracher
splendid,splendide
split,diviser
spoil,gâcher
spoke,parlait
spoken,parlé
sport,sport
sports,des sports
spot,endroit
spots,spots
spotted,Pointé
spread,se propager
spring,le printemps
spy,espionner
squad,équipe
square,carré
squeeze,presser
st,St
st.,St.
stab,coup de couteau
stabbed,poignardé
stable,écurie
staff,Personnel
stage,organiser
stairs,escaliers
stake,pieu
stan,stan
stand,supporter
standard,la norme
standing,debout
stands,des stands
stanley,Stanley
star,étoile
stare,regard
staring,en regardant
stars,étoiles
start,début
started,a débuté
starting,départ
starts,départs
starving,affamée
state,Etat
statement,déclaration
states,États
station,station
stations,stations
statue,statue
status,statut
stay,rester
stayed,séjourné
staying,séjour
stays,séjour
steady,constant
steak,bifteck
steal,voler
stealing,vol
steam,vapeur
steel,acier
step,marcher
stephen,Stephen
stepped,pas
steps,pas
steve,Steve
steven,Steven
stick,coller
sticking,collage
sticks,des bâtons
still,toujours
stink,puer
stinks,puant
stock,Stock
stole,a volé
stolen,volé
stomach,estomac
stone,pierre
stones,des pierres
stood,se trouvait
stop,arrêt
stopped,arrêté
stopping,arrêt
stops,arrêts
storage,stockage
store,boutique
stories,histoires
storm,tempête
story,histoire
straight,droit
strange,étrange
stranger,étranger
strangers,étrangers
strategy,stratégie
street,rue
streets,des rues
strength,force
stress,stresser
stretch,extensible
strike,la grève
strikes,grèves
string,chaîne de caractères
strip,déshabiller
stroke,accident vasculaire cérébral
strong,fort
stronger,plus forte
struck,frappé
structure,structure
struggle,lutter
struggling,luttant
stuart,Stuart
stubborn,tête de mule
stuck,bloqué
student,étudiant
students,étudiants
studied,étudié
studies,études
studio,studio
study,étude
studying,en train d'étudier
stuff,des trucs
stuffed,farci
stupid,stupide
style,style
subject,matière
subtitles,Les sous-titres
succeed,réussir
success,Succès
successful,couronné de succès
such,tel
suck,sucer
sucker,ventouse
sucks,suce
sudden,soudain
suddenly,soudain
sue,poursuivre en justice
suffer,souffrir
suffered,souffert
suffering,Souffrance
sugar,du sucre
suggest,suggérer
suggested,suggéré
suggesting,suggérant
suicide,suicide
suit,costume
suitcase,valise
suite,suite
suits,combinaisons
sum,somme
summer,été
sun,Soleil
sunday,dimanche
sunny,ensoleillé
sunshine,ensoleillement
super,super
superior,supérieur
superman,Superman
supper,souper
supplies,Provisions
supply,la fourniture
support,Support
suppose,supposer
supposed,censé
supreme,suprême
sure,Bien sur
surely,sûrement
surface,surface
surgeon,chirurgien
surgery,opération
surprise,surprendre
surprised,surpris
surprises,surprises
surprising,surprenant
surrender,abandon
surrounded,entouré
surveillance,surveillance
survival,survie
survive,survivre
survived,Survécu
susan,Susan
suspect,suspect
suspected,soupçonné
suspects,suspects
suspended,suspendu
suspicious,méfiant
swallow,avaler
swear,jurer
sweat,sueur
sweep,balayer
sweet,sucré
sweetheart,amoureux
sweetie,ma chérie
swell,gonfler
swim,baignade
swimming,natation
swing,se balancer
switch,changer
sword,épée
sydney,Sydney
symbol,symbole
symptoms,les symptômes
sync,synchronisation
system,système
systems,systèmes
t,t
t-,t-
table,table
tables,les tables
tag,étiquette
tail,queue
take,prendre
taken,pris
takes,prendre des prises
taking,prise
tale,conte
talent,Talent
talented,talentueux
talk,parler
talked,a parlé
talkin,parler
talking,en parlant
talks,pourparlers
tall,haut
tank,Char
tap,robinet
tape,ruban
tapes,cassettes
tara,Tara
target,cible
task,tâche
taste,goûter
tastes,goûts
tattoo,tatouage
taught,a enseigné
tax,impôt
taxes,taxes
taxi,Taxi
taylor,taylor
tea,thé
teach,apprendre
teacher,prof
teachers,enseignants
teaching,enseignement
team,équipe
teams,équipes
tear,larme
tears,larmes
tech,technologie
technically,techniquement
technique,technique
technology,La technologie
ted,ted
teddy,en peluche
teenage,adolescent
teeth,les dents
telephone,Téléphone
television,télévision
tell,raconter
telling,récit
tells,raconte
temper,caractère
temperature,Température
temple,temple
temporary,temporaire
ten,Dix
tend,tendre
tender,offre
tennis,tennis
tense,tendu
tension,tension
tent,tente
term,terme
terms,termes
terrible,terrible
terribly,terriblement
terrific,formidable
terrified,terrifié
territory,territoire
terror,la terreur
terrorist,terroriste
terrorists,les terroristes
terry,gâchis
test,test
tested,testé
testify,témoigner
testimony,témoignage
testing,essai
tests,tests
texas,Texas
text,texte
than,que
thank,remercier
thanks,Merci
thanksgiving,action de grâces
that,ce
the,la
the,la
theater,théâtre
theatre,théâtre
thee,te
theft,vol
their,leur
them,leur
theme,thème
themselves,eux-mêmes
then,alors
theory,la théorie
therapy,thérapie
there,là
therefore,Donc
these,ces
they,elles ou ils
thick,épais
thief,voleur
thieves,voleurs
thin,mince
thing,chose
things,des choses
think,pense
thinking,en pensant
thinks,pense
third,troisième
thirsty,assoiffé
thirty,trente
this,cette
thomas,Thomas
those,ceux
thou,tu
though,pourtant
thought,pensait
thoughts,les pensées
thousand,mille
thousands,milliers
threat,menace
threaten,menacer
threatened,menacé
threatening,menaçant
threats,des menaces
three,Trois
threw,jeta
throat,gorge
throne,trône
through,à travers
throughout,à travers
throw,jeter
throwing,lancement
thrown,jeté
thunder,tonnerre
thursday,jeudi
thus,Donc
thy,tes
ticket,billet
tickets,des billets
tie,cravate
tied,lié
ties,cravates
tiger,tigre
tight,serré
till,jusqu'à
tim,Tim
time,temps
times,fois
timing,Horaire
tin,étain
tina,Tina
tiny,minuscule
tip,pointe
tire,pneu
tired,fatigué
tires,pneus
tissue,tissu
title,Titre
tits,seins
to,à
toast,pain grillé
toby,toby
today,aujourd'hui
todd,todd
toes,orteils
together,ensemble
toilet,toilette
tokyo,Tokyo
told,Raconté
tom,à M
tommy,tommy
tomorrow,demain
ton,tonne
tone,Ton
tongue,langue
tonight,ce soir
tons,tonnes
tony,Tony
too,aussi
took,ont pris
tool,outil
tools,outils
tooth,dent
top,Haut
torn,déchiré
torture,torture
toss,lancer
total,total
totally,totalement
touch,toucher
touched,touché
touching,émouvant
tough,dure
tour,tour
toward,vers
towards,envers
towel,serviette
tower,la tour
town,ville
toy,jouet
toys,jouets
trace,trace
track,Piste
tracking,suivi
tracks,des pistes
tracy,tracy
trade,Commerce
tradition,tradition
traditional,traditionnel
traffic,Circulation
tragedy,la tragédie
tragic,tragique
trail,Piste
trailer,bande annonce
train,former
trained,qualifié
training,entraînement
traitor,traitre
transfer,transférer
transferred,transféré
transport,le transport
trap,piège
trapped,piégé
trash,déchets
trauma,traumatisme
travel,voyager
traveling,en voyageant
travis,travis
treasure,trésor
treat,traiter
treated,traité
treating,traitement
treatment,traitement
tree,arbre
trees,des arbres
trevor,Trevor
trial,essai
tribe,tribu
trick,tour
tricks,des trucs
tried,a essayé
tries,essais
trigger,gâchette
trip,voyage
troops,troupes
trouble,difficulté
troubles,troubles
troy,troy
truck,un camion
truly,vraiment
trunk,tronc
trust,confiance
trusted,de confiance
truth,vérité
try,essayer
trying,en essayant
tub,baignoire
tube,tube
tuesday,mardi
tune,régler
tunnel,tunnel
turkey,dinde
turn,tour
turned,tourné
turner,tourneur
turning,tournant
turns,se tourne
turtle,tortue
tv,la télé
twelve,Douze
twenty,vingt
twice,deux fois
twin,double
twins,des jumeaux
twist,tourner
twisted,tordu
two,deux
tyler,Tyler
type,taper
types,les types
typical,typique
u,u
u.s.,nous.
ugh,Pouah
ugly,moche
uh,euh
uh-,euh-
uh-huh,Uh-huh
uh-oh,Uh-oh
uh-uh,uh-uh
uhh,euh
ultimate,ultime
um,um
un,ONU
unable,incapable
unbelievable,incroyable
uncle,oncle
uncomfortable,inconfortable
unconscious,inconscient
under,en dessous de
undercover,à l'abri
underground,clandestinement
underneath,sous
understand,comprendre
understanding,entente
understands,comprendre
understood,entendu
underwear,sous-vêtement
unexpected,inattendu
unfair,injuste
unfortunate,malheureux
unfortunately,malheureusement
unhappy,malheureux
uniform,uniforme
union,syndicat
unique,unique
unit,unité
united,uni
units,unités
universe,univers
university,université
unknown,inconnue
unless,sauf si
unlike,contrairement à
until,jusqu'à
unusual,inhabituel
up,en haut
upon,sur
upper,plus haut
upset,bouleversé
upside,avantage
upstairs,en haut
urgent,urgent
us,nous
use,utilisation
used,utilisé
useful,utile
useless,inutile
uses,les usages
using,utilisant
usual,habituel
usually,d'habitude
vacation,vacances
valentine,Valentin
valley,vallée
valuable,de valeur
value,évaluer
vampire,vampire
van,van
vanessa,vanessa
various,divers
vast,vaste
vault,sauter
ve,ve
vegas,Vegas
vehicle,véhicule
version,version
very,très
vessel,navire
vic,vic
vice,vice
victim,victime
victims,victimes
victor,Victor
victoria,victoria
victory,la victoire
video,vidéo
vietnam,Vietnam
view,voir
villa,villa
village,village
vince,Vince
vincent,Vincent
violence,la violence
violent,violent
virgin,vierge
virginia,Virginie
virus,virus
vision,vision
visit,visite
visited,a visité
visiting,en visite
visitor,visiteur
visitors,visiteurs
visual,visuel
vital,vital
vodka,Vodka
voice,voix
voices,voix
volunteer,bénévole
von,von
vote,voter
voted,voté
votes,votes
vulnerable,vulnérable
w,w
wade,patauger
wagon,wagon
wailing,pleurs
wait,Attendez
waited,attendu
waiter,serveur
waiting,attendre
wake,se réveiller
walk,marche
walked,marcher
walker,marcheur
walking,en marchant
walks,des promenades
wall,mur
wallet,porte monnaie
walls,des murs
walt,walt
walter,Walter
wanna,voulez
want,vouloir
wanted,recherché
wanting,manquant
wants,veut
war,guerre
ward,quartier
warden,directeur
warehouse,entrepôt
warm,chaleureuse
warn,prévenir
warned,averti
warning,Attention
warrant,garantir
warren,garenne
warrior,guerrier
wars,guerres
was,a été
wash,lavage
washed,lavé
washing,la lessive
washington,Washington
wasn,Wasn
waste,déchets
wasted,gaspillé
wasting,gaspillage
watch,Regardez
watched,regardé
watching,en train de regarder
water,l'eau
waters,eaux
watson,Watson
wave,vague
waves,vagues
way,façon
wayne,Wayne
ways,façons
we,nous
weak,faible
weakness,la faiblesse
wealth,richesse
weapon,arme
weapons,armes
wear,usure
wearing,portant
wears,s'arrêter
weather,Météo
web,la toile
wedding,mariage
wednesday,mercredi
wee,pipi
weed,mauvaise herbe
week,la semaine
weekend,fin de semaine
weeks,semaines
weight,lester
weird,bizarre
welcome,accueillir
well,bien
wendy,wendy
went,est allé
were,étaient
weren,weren
west,Ouest
western,occidental
wet,humide
wha,qui
whale,baleine
what,Quel
whatever,peu importe
wheel,la roue
wheels,roues
when,lorsque
whenever,chaque fois que
where,où
wherever,partout où
whether,qu'il s'agisse
which,qui
while,tandis que
whimpering,gémissements
whip,fouet
whirring,tourbillon
whiskey,whisky
whispering,chuchotement
whispers,chuchotement
whistle,siffler
whistles,siffle
whistling,sifflement
white,blanche
who,qui
whoa,whoa
whoever,quiconque
whole,ensemble
whom,qui
whoo,whoo
whore,putain
whose,à qui
why,Pourquoi
wicked,méchant
wide,large
widow,veuve
wife,épouse
wild,sauvage
will,sera
william,William
williams,Williams
willie,Willie
willing,prêt
wilson,Wilson
win,gagner
wind,vent
window,la fenêtre
windows,les fenêtres
wine,vin
wing,aile
wings,ailes
winner,gagnant
winning,gagnant
wins,victoires
winter,l'hiver
wipe,essuyer
wiped,essuyé
wire,fil
wisdom,sagesse
wise,sage
wish,souhaiter
wished,souhaité
wishes,vœux
witch,sorcière
with,avec
within,dans
without,sans pour autant
witness,témoin
witnesses,les témoins
wives,épouses
woke,réveillé
wolf,loup
wolves,loups
woman,femme
women,femmes
won,a gagné
wonder,merveille
wondered,demandé
wonderful,magnifique
wondering,se demandant
woo,courtiser
wood,bois
woods,les bois
word,mot
words,mots
wore,portait
work,travailler
worked,travaillé
worker,ouvrier
workers,ouvriers
working,travail
works,œuvres
world,monde
worlds,monde
worn,porté
worried,préoccupé
worries,des soucis
worry,inquiétude
worrying,inquiétant
worse,pire
worst,pire
worth,la peine
worthless,sans valeur
worthy,digne
would,aurait
wouldn,ne
wound,plaie
wounded,blessés
wounds,blessures
wow,wow
wrap,envelopper
wrapped,enveloppé
wreck,détruire
write,écrivez
writer,écrivain
writing,l'écriture
written,écrit
wrong,mauvais
wrote,a écrit
x,X
y,y
ya,ya
yang,yang
yard,cour
yards,verges
yay,Yay
ye,vous
yeah,Oui
year,an
years,années
yell,crier
yelling,cris
yellow,jaune
yells,cris
yen,yen
yep,ouais
yes,oui
yesterday,hier
yet,encore
yo,toi
york,York
you,tu
you,tu
you-,tu-
young,Jeune
younger,plus jeune
your,ton
yours,le tiens
yourself,toi-même
yourselves,vous-mêmes
youth,jeunesse
yup,ouais
zero,zéro
zoe,zoe
zone,zone
zoo,zoo
FALSE,FAUX
TRUE,vrai