FR,GB
un,a
matin,a.m.
abandonner,abandon
abandonné,abandoned
aptitude,ability
pouvoir,able
à bord,aboard
sur,about
au dessus,above
à l'étranger,abroad
absolu,absolute
Tout à fait,absolutely
absurde,absurd
abuser de,abuse
académie,academy
accent,accent
J'accepte,accept
accepté,accepted
accéder,access
accident,accident
accidentellement,accidentally
selon,according
Compte,account
comptes,accounts
accusé,accused
as,ace
atteindre,achieve
acide,acid
de l'autre côté,across
loi,act
agi,acted
agissant,acting
action,action
Actions,actions
actif,active
Activités,activities
activité,activity
acteur de cinéma,actor
acteurs,actors
actrice,actress
actes,acts
réel,actual
réellement,actually
un d,ad
ajouter,add
ajoutée,added
ajout,addition
adresse,address
amiral,admiral
admirer,admire
admettre,admit
admis,admitted
adopté,adopted
adorable,adorable
Adrian,adrian
adulte,adult
adultes,adults
avance,advance
Avancée,advanced
avantage,advantage
aventure,adventure
conseils,advice
conseiller,advise
aventure,affair
affaires,affairs
affecter,affect
affecté,affected
s'offrir,afford
peur,afraid
Afrique,africa
africain,african
après,after
après midi,afternoon
ensuite,afterwards
encore,again
contre,against
âge,age
agence,agency
agent,agent
agents,agents
âge,ages
agressif,aggressive
depuis,ago
Je suis d'accord,agree
convenu,agreed
accord,agreement
ah,ah
en avant,ahead
ahem,ahem
ahh,ahh
aide,aid
aii,aii
objectif,aim
se faire,ain
air,air
avion,aircraft
aéroport,airport
Al,al
Alan,alan
alarme,alarm
Albert,albert
album,album
de l'alcool,alcohol
alerte,alert
Alex,alex
Alexandre,alexander
Ali,ali
alibi,alibi
Alice,alice
Alicia,alicia
extraterrestre,alien
extraterrestres,aliens
ressemblent,alike
vivant,alive
tout,all
tout,all
Allen,allen
ruelle,alley
Alliance,alliance
Allison,allison
Autoriser,allow
autorisé,allowed
allié,ally
presque,almost
seul,alone
sur,along
alpha,alpha
déjà,already
bien,alright
aussi,also
alternative,alternative
même si,although
toujours,always
un m,am
un m,am
amanda,amanda
étonnante,amazing
ambassadeur,ambassador
ambre,amber
ambulance,ambulance
amen,amen
Amérique,america
américain,american
les Américains,americans
parmi,among
parmi,amongst
montant,amount
Amy,amy
un,an
une analyse,analysis
les ancêtres,ancestors
ancien,ancient
et,and
et,and
et-,and-
Anderson,anderson
Andrea,andrea
Andrew,andrew
Andy,andy
ange,angel
Angela,angela
angeles,angeles
anges,angels
colère,anger
angle,angle
fâché,angry
animal,animal
animaux,animals
Ann,ann
anna,anna
Anne,anne
Annie,annie
anniversaire,anniversary
annoncer,announce
annonce,announcement
annonceur,announcer
énervant,annoying
anonyme,anonymous
une autre,another
réponse,answer
répondu,answered
réponse,answering
réponses,answers
Anthony,anthony
Antonio,antonio
anxieux,anxious
n'importe quel,any
n'importe qui,anybody
plus,anymore
quelqu'un,anyone
n'importe quoi,anything
à toute heure,anytime
De toute façon,anyway
de toute façon,anyways
partout,anywhere
une part,apart
appartement,apartment
excuses,apologies
s'excuser,apologize
excuses,apology
Apparemment,apparently
appel,appeal
apparaître,appear
apparence,appearance
est apparu,appeared
apparaît,appears
applaudissements,applause
Pomme,apple
application,application
appliquer,apply
rendez-vous,appointment
apprécier,appreciate
approcher,approach
approchant,approaching
approprié,appropriate
approuver,approve
avril,april
sommes,are
Région,area
zones,areas
nœud,aren
se disputer,argue
argumentant,arguing
dispute,argument
bras,arm
armé,armed
les bras,arms
armée,army
autour de,around
organiser,arrange
organisé,arranged
dispositions,arrangements
arrêter,arrest
arrêté,arrested
Arrivées,arrival
arriver,arrive
arrivé,arrived
arrive,arrives
en arrivant,arriving
La Flèche,arrow
cul,arse
art,art
Arthur,arthur
article,article
artiste,artist
artistes,artists
arts,arts
comme,as
cendre,ash
honteux,ashamed
cendres,ashes
Ashley,ashley
de côté,aside
interroger,ask
a demandé,asked
demande,asking
demande,asks
endormi,asleep
cul,ass
assaut,assault
Connard,asshole
attribué,assigned
mission,assignment
assistance,assistance
assistant,assistant
association,association
assumé,assumed
en supposant,assuming
assurer,assure
à,at
a mangé,ate
atmosphère,atmosphere
ci-joint,attached
attaque,attack
attaqué,attacked
attaquant,attacking
attaques,attacks
tentative,attempt
tentative,attempted
assister à,attend
attention,attention
attitude,attitude
avocat,attorney
attiré,attracted
attrayant,attractive
spectateurs,audience
audition,audition
Audrey,audrey
août,august
tante,aunt
tata,auntie
Australie,australia
les autorités,authorities
autorité,authority
autopsie,autopsy
disponible,available
rue,avenue
moyen,average
éviter de,avoid
aw,aw
éveillé,awake
décerner,award
au courant,aware
une façon,away
impressionnant,awesome
terrible,awful
terriblement,awfully
gênant,awkward
oui,ay
toujours,aye
b,b
né,b.
bébé,babe
bébés,babies
bébé,baby
retour,back
Contexte,background
sauvegarde,backup
en arrière,backwards
lard,bacon
mal,bad
badge,badge
mal,badly
sac,bag
Sacs,bags
caution,bail
baiey,bailey
appât,bait
boulanger,baker
solde,balance
Balle,ball
des balles,balls
banane,banana
bande,band
pan,bang
claquement,banging
banque,bank
banques,banks
bar,bar
Barbara,barbara
à peine,barely
aubaine,bargain
aboiement,barking
Grange,barn
Barney,barney
baron,baron
baril,barrel
barry,barry
bars,bars
base,base
base-ball,baseball
basé,based
sous-sol,basement
de base,basic
fondamentalement,basically
base,basis
corbeille,basket
basket,basketball
bâtard,bastard
salauds,bastards
chauve souris,bat
bain,bath
salle de bains,bathroom
homme chauve-souris,batman
la batterie,battery
bataille,battle
la baie,bay
être,be
plage,beach
rayonner,beam
des haricots,beans
ours,bear
barbe,beard
ours,bears
la bête,beast
battre,beat
battu,beaten
battement,beating
Beats,beats
belle,beautiful
beauté,beauty
est devenu,became
car,because
Becky,becky
devenir,become
devient,becomes
qui est devenu,becoming
lit,bed
chambre,bedroom
abeille,bee
bœuf,beef
a été,been
bip,beep
bip,beeping
bips,beeps
Bière,beer
avant de,before
mendier,beg
a commencé,began
mendicité,begging
commencer,begin
début,beginning
commence,begins
commencé,begun
au nom de,behalf
se comporter,behave
comportement,behavior
derrière,behind
étant,being
êtres,beings
croyance,belief
croire,believe
a cru,believed
croit,believes
croire,believing
cloche,bell
cloches,bells
ventre,belly
appartenir,belong
appartenir,belonged
fait parti,belongs
bien-aimé,beloved
dessous,below
ceinture,belt
Ben,ben
banc,bench
pliez,bend
sous,beneath
bénéficier à,benefit
Berlin,berlin
à côté de,beside
outre,besides
meilleur,best
pari,bet
Beth,beth
trahir,betray
trahi,betrayed
meilleur,better
Betty,betty
entre,between
au-delà,beyond
Bible,bible
offre,bid
gros,big
plus gros,bigger
plus grand,biggest
Bicyclette,bike
facture,bill
milliard,billion
factures,bills
gamelle,billy
poubelle,bin
bingo,bingo
oiseau,bird
des oiseaux,birds
naissance,birth
date d'anniversaire,birthday
évêque,bishop
bit,bit
chienne,bitch
chiennes,bitches
morsure,bite
morceaux,bits
amer,bitter
le noir,black
chantage,blackmail
lame,blade
blabla,blah
Blake,blake
faire des reproches,blame
Vide,blank
couverture,blanket
explosion,blast
saigner,bleed
saignement,bleeding
bip,bleep
bénir,bless
béni,blessed
bénédiction,blessing
souffler,blew
aveugle,blind
bloquer,block
blocs,blocks
type,bloke
blond,blonde
du sang,blood
sanglant,bloody
souffler,blow
soufflant,blowing
soufflé,blown
coups,blows
bleu,blue
bêle,bo
planche,board
embarquement,boarding
bateau,boat
bateaux,boats
bob,bob
policier,bobby
corps,bodies
corps,body
audacieux,bold
bombe,bomb
bombes,bombs
obligation,bond
os,bone
des os,bones
Bonnie,bonnie
huer,boo
livre,book
réservé,booked
livres,books
boom,boom
botte,boot
stand,booth
bottes,boots
biberonner,booze
frontière,border
ennuyé,bored
ennuyeuse,boring
née,born
emprunter,borrow
emprunté,borrowed
chef,boss
Boston,boston
tous les deux,both
embêter,bother
dérangé,bothered
dérangeant,bothering
bouteille,bottle
bouteilles,bottles
fond,bottom
acheté,bought
bondir,bound
combat,bout
arc,bow
bol,bowl
boîte,box
des boites,boxes
garçon,boy
copain,boyfriend
garçons,boys
brad,brad
cerveau,brain
cerveaux,brains
freins,brakes
bifurquer,branch
marque,brand
Brandon,brandon
braver,brave
Bravo,bravo
pain,bread
Pause,break
petit-déjeuner,breakfast
rupture,breaking
pauses,breaks
Sein,breast
seins,breasts
haleine,breath
respirer,breathe
respiration,breathing
Brian,brian
brique,brick
la mariée,bride
pont,bridge
bref,brief
brillant,bright
génial,brilliant
apporter,bring
apportant,bringing
apporte,brings
Grande-Bretagne,britain
Britanique,british
frère,bro
vaste,broad
cassé,broke
cassé,broken
frère,brother
beau-frère,brother-in-law
frères,brothers
amené,brought
brun,brown
Bruce,bruce
brosser,brush
mâle,buck
seau,bucket
chevreuils,bucks
bourgeon,bud
copains,buddies
copain,buddy
budget,budget
punaise,bug
Bugs,bugs
construire,build
imeuble,building
bâtiments,buildings
construit,built
taureau,bull
balle,bullet
balles,bullets
connerie,bullshit
clochard,bum
cogner,bump
groupe,bunch
lapin,bunny
charge,burden
bureau,bureau
Burger,burger
enterré,buried
brûler,burn
brûlé,burned
brûlant,burning
brûlures,burns
brûlé,burnt
éclatement,burst
enterrer,bury
bus,bus
buisson,bush
Entreprise,business
bousiller,bust
cassé,busted
occupé,busy
mais,but
bout,butt
Beurre,butter
bouton,button
acheter,buy
achat,buying
bourdonner,buzz
bourdonnement,buzzing
par,by
au revoir,bye
Bye Bye,bye-bye
c,c
taxi,cab
cabine,cabin
cabinet,cabinet
câble,cable
César,caesar
cage,cage
gâteau,cake
Californie,california
appel,call
appelé,called
appel,calling
appels,calls
calmes,calm
came,cam
est venu,came
caméra,camera
appareils photo,cameras
Cameron,cameron
camp,camp
campagne,campaign
Campus,campus
boîte,can
Canada,canada
annuler,cancel
cancer,cancer
candidat,candidate
bougies,candles
Des bonbons,candy
canon,cannon
ne peux pas,cannot
casquette,cap
capable,capable
Capitale,capital
capitaine,captain
Capturer,capture
capturé,captured
auto,car
carte,card
cartes,cards
se soucier,care
soumis à,cared
carrière,career
prudent,careful
avec attention,carefully
se soucier,cares
cargaison,cargo
carl,carl
carla,carla
carlos,carlos
chant,carol
Caroline,caroline
tapis,carpet
Carrie,carrie
transporté,carried
porter,carry
transport,carrying
voitures,cars
Carson,carson
Chariot,cart
charretier,carter
Cas,case
cas,cases
casey,casey
en espèces,cash
casino,casino
moulage,cast
Château,castle
chat,cat
attraper,catch
contagieux,catching
Catherine,catherine
catholique,catholic
chats,cats
bétail,cattle
attrapé,caught
cause,cause
cause,cause
causé,caused
causes,causes
provoquant,causing
la grotte,cave
plafond,ceiling
célébrer,celebrate
célébrer,celebrating
fête,celebration
cellule,cell
téléphone portable,cellphone
cellules,cells
cimetière,cemetery
centre,center
central,central
centre,centre
cents,cents
des siècles,centuries
siècle,century
la cérémonie,ceremony
certain,certain
assurément,certainly
certificat,certificate
chaîne,chain
chaise,chair
président,chairman
défi,challenge
chambre,chamber
Champagne,champagne
champion,champion
chan,chan
chance,chance
chances,chances
monnaie,change
modifié,changed
changements,changes
en changeant,changing
canaliser,channel
psalmodie,chanting
le chaos,chaos
type,chap
chapitre,chapter
personnage,character
personnages,characters
charge,charge
accusé,charged
des charges,charges
charité,charity
Charles,charles
Charlie,charlie
Charlotte,charlotte
charme,charm
charmant,charming
chasse,chase
ciselure,chasing
discuter,chat
bavarder,chatter
bavardage,chattering
bon marché,cheap
Tricher,cheat
triché,cheated
La triche,cheating
Chèque,check
vérifié,checked
vérification,checking
chèques,checks
bravo,cheer
applaudissement,cheering
à votre santé,cheers
fromage,cheese
chef,chef
chimique,chemical
cerise,cherry
jeu d'échecs,chess
poitrine,chest
chffffff,chffffff
Chicago,chicago
poussin,chick
poulet,chicken
poussins,chicks
chef,chief
enfant,child
enfance,childhood
#VALUE!,children
froideur,chill
menton,chin
Chine,china
chinois,chinese
frites,chips
chant,chirping
Chloe,chloe
Chocolat,chocolate
choix,choice
les choix,choices
choisir,choose
hacher,chop
choisi,chose
choisi,chosen
Chris,chris
Christ,christ
Christian,christian
Christina,christina
Christine,christine
Noël,christmas
Christopher,christopher
mandrin,chuck
rires,chuckles
rire,chuckling
église,church
CIA,cia
cigarette,cigarette
cigarettes,cigarettes
cindy,cindy
cinéma,cinema
cercle,circle
conditions,circumstances
cirque,circus
villes,cities
citoyen,citizen
citoyens,citizens
ville,city
civil,civil
réclamer,claim
revendiqué,claimed
réclamations,claims
Claire,claire
clan,clan
Clara,clara
clark,clark
classer,class
Des classes,classes
classique,classic
Claudia,claudia
argile,clay
nettoyer,clean
nettoyé,cleaned
nettoyage,cleaning
dégager,clear
dégagé,cleared
clairement,clearly
clairs,clears
intelligent,clever
Cliquez sur,click
en cliquant,clicking
clics,clicks
client,client
clients,clients
falaise,cliff
monter,climb
escalade,climbing
clinique,clinic
l'horloge,clock
l'horloge,clock
proche,close
fermé,closed
étroitement,closely
plus proche,closer
se ferme,closes
le plus proche,closest
placard,closet
fermeture,closing
vêtements,clothes
Vêtements,clothing
nuage,cloud
des nuages,clouds
clown,clown
club,club
clubs,clubs
indice,clue
entraîneur,coach
charbon,coal
côte,coast
manteau,coat
cocaïne,cocaine
coq,cock
code,code
café,coffee
cercueil,coffin
pièce de monnaie,coin
hasard,coincidence
du Coca,coke
froid,cold
cole,cole
colin,colin
collier,collar
collègue,colleague
collègues,colleagues
recueillir,collect
le recueil,collection
collège,college
colonel,colonel
Couleur,color
couleurs,colors
Couleur,colour
coma,coma
combat,combat
combinaison,combination
viens,come
la comédie,comedy
vient,comes
confort,comfort
à l'aise,comfortable
bande dessinée,comic
venir,comin
à venir,coming
commande,command
le commandant,commander
commentaire,comment
commercial,commercial
commission,commission
le commissaire,commissioner
commettre,commit
engagement,commitment
engagé,committed
Comité,committee
commun,common
communiquer,communicate
la communication,communication
communiste,communist
communauté,community
entreprises,companies
compagnie,company
comparer,compare
par rapport,compared
concurrence,competition
se plaindre,complain
se plaindre,complaining
plainte,complaint
Achevée,complete
complété,completed
totalement,completely
complexe,complex
compliqué,complicated
l'ordinateur,computer
des ordinateurs,computers
camarade,comrade
camarades,comrades
con,con
concentré,concentrate
concept,concept
préoccuper,concern
concerné,concerned
préoccupations,concerns
concert,concert
conclusion,conclusion
condition,condition
les conditions,conditions
conduire,conduct
conférence,conference
avouer,confess
confession,confession
confiance,confidence
sur de soi,confident
confirmer,confirm
confirmé,confirmed
conflit,conflict
confus,confused
toutes nos félicitations,congratulations
congrès,congress
relier,connect
lié,connected
lien,connection
Connie,connie
Connor,connor
conscience,conscience
conséquences,consequences
envisager,consider
considéré,considered
considérant,considering
conspiration,conspiracy
constant,constant
en permanence,constantly
construction,construction
Contactez,contact
contenu,content
concours,contest
Continuez,continue
a continué,continued
continue,continues
Contrat,contract
contraire,contrary
contrôler,control
contrôlé,controlled
conversation,conversation
conversations,conversations
convaincre,convince
convaincu,convinced
cuisinier,cook
cuit,cooked
biscuit,cookie
biscuits,cookies
cuisine,cooking
cool,cool
tonnelier,cooper
coopérer,cooperate
flic,cop
copies,copies
flics,cops
copie,copy
cœur,core
maïs,corn
coin,corner
corporel,corporal
corporatif,corporate
corps,corpse
corriger,correct
corrigée,corrected
COS,cos
Coût,cost
frais,costs
costume,costume
coton,cotton
canapé,couch
tousser,coughing
toux,coughs
pourrait,could
ne pouvait pas,couldn
conseil,council
Conseil,counsel
conseiller,counselor
compter,count
compteur,counter
compte,counting
des pays,countries
pays,country
comptes,counts
comté,county
couple,couple
courage,courage
cours,course
rechercher,court
cousine,cousin
couverture,cover
couvert,covered
couvrant,covering
vache,cow
lâche,coward
cow-boy,cowboy
vaches,cows
fissure,crack
craig,craig
grue,crane
et mince,crap
crash,crash
écrasé,crashed
écraser,crashing
fou,crazy
crème,cream
créer,create
établi,created
création,creating
création,creation
Créatif,creative
créature,creature
créatures,creatures
le crédit,credit
sinistre,creepy
équipage,crew
pleuré,cried
cris,cries
la criminalité,crime
crimes,crimes
criminel,criminal
les criminels,criminals
crise,crisis
critique,critical
traverser,cross
franchi,crossed
traversée,crossing
foule,crowd
couronne,crown
cruel,cruel
croisière,cruise
écraser,crush
écrasé,crushed
cri,cry
pleurs,crying
cristal,crystal
Culture,culture
Coupe,cup
soigner,cure
curieux,curious
courant,current
actuellement,currently
malédiction,curse
maudit,cursed
curtis,curtis
garde,custody
client,customer
clients,customers
Couper,cut
mignonne,cute
coupures,cuts
Coupe,cutting
cycle,cycle
ré,d
da,da
papa,dad
papa,daddy
du quotidien,daily
Marguerite,daisy
vallée,dale
dégâts,damage
endommagé,damaged
prendre la gueulée,dammit
Zut,damn
damné,damned
Dan,dan
Dana,dana
Danse,dance
Danseur,dancer
dansant,dancing
danger,danger
dangereux,dangerous
Daniel,daniel
Danny,danny
oser,dare
foncé,dark
ténèbres,darkness
chérie,darling
Zut,darn
Les données,data
Date,date
daté,dated
Rendez-vous,dates
sortir ensemble,dating
la fille,daughter
filles,daughters
Dave,dave
David,david
davis,davis
aube,dawn
journée,day
journées,days
de,de
morte,dead
mortel,deadly
sourd,deaf
accord,deal
Marchand,dealer
transaction,dealing
offres,deals
doyen,dean
chère,dear
décès,death
des morts,deaths
débat,debate
debbie,debbie
dette,debt
décembre,december
décent,decent
décider,decide
décidé,decided
décision,decision
les décisions,decisions
plate-forme,deck
dédié,dedicated
Profond,deep
Plus profond,deeper
profondément,deeply
défaite,defeat
vaincu,defeated
la défense,defence
défendre,defend
défendeur,defendant
la défense,defense
absolument,definitely
diplôme,degree
degrés,degrees
del,del
retard,delay
délicat,delicate
délicieuse,delicious
ravi,delighted
livrer,deliver
livré,delivered
livraison,delivery
demande,demand
demandes,demands
démon,demon
démons,demons
refusé,denied
dennis,dennis
Nier,deny
département,department
dépend,depends
verser,deposit
déprimé,depressed
adjoint,deputy
derek,derek
décris,describe
décrit,described
la description,description
désert,desert
mériter,deserve
mérité,deserved
mérite,deserves
motif,design
conçu,designed
designer,designer
désir,desire
bureau,desk
désespéré,desperate
en dépit,despite
le dessert,dessert
destin,destiny
détruire,destroy
détruit,destroyed
destruction,destroying
destruction,destruction
détail,detail
détails,details
détective,detective
détectives,detectives
déterminer,determine
déterminé,determined
développer,develop
développé,developed
développement,development
dispositif,device
diable,devil
diable,di
cadran,dial
diamant,diamond
diamants,diamonds
Diane,diana
Diane,diane
agenda,diary
queue,dick
a fait,did
mourir,die
décédés,died
Diego,diego
meurt,dies
diète,diet
différence,difference
différent,different
différemment,differently
difficile,difficult
creuser,dig
creusement,digging
dignité,dignity
dits,dings
à manger,dining
dîner,dinner
direct,direct
dirigée,directed
direction,direction
directement,directly
directeur,director
saleté,dirt
sale,dirty
disparaître,disappear
disparu,disappeared
désappointé,disappointed
un sinistre,disaster
découvrir,discover
découvert,discovered
Découverte,discovery
discuter,discuss
discuté,discussed
discussion,discussion
maladie,disease
répugnant,disgusting
assiette,dish
vaisselle,dishes
rejeté,dismissed
affichage,display
distance,distance
loin,distant
district,district
déranger,disturb
inquiétant,disturbing
se plonger,dive
Divin,divine
division,division
divorcer,divorce
divorcé,divorced
ADN,dna
fais,do
doc,doc
docteur,doctor
médecins,doctors
document,document
documents,documents
Est-ce que,does
ne fait pas,doesn
chien,dog
chiens,dogs
faire,doin
Faire,doing
poupée,doll
dollar,dollar
dollar,dollars
Donald,donald
Fini,done
Donna,donna
ne le faites pas,dont
porte,door
sabell,doorbell
des portes,doors
drogue,dope
Dorothy,dorothy
double,double
doute,doubt
les doutes,doubts
Doug,doug
Pâte,dough
vers le bas,down
en bas,downstairs
centre ville,downtown
douzaine,dozen
dr,dr
Dr.,dr.
glisser,drag
traîné,dragged
dragon,dragon
drame,drama
spectaculaire,dramatic
buvait,drank
dessiner,draw
tiroir,drawer
dessin,drawing
dessiné,drawn
rêver,dream
rêvé,dreamed
rêver,dreaming
rêves,dreams
robe,dress
habillé,dressed
pansement,dressing
a dessiné,drew
perceuse,drill
boisson,drink
en buvant,drinking
boisson,drinks
conduire,drive
entraîné,driven
chauffeur,driver
disques,drives
conduite,driving
goutte,drop
chuté,dropped
goutte,dropping
gouttes,drops
a conduit,drove
noyer,drown
noyé,drowned
médicament,drug
drogues,drugs
tambouriner,drum
ivre,drunk
sec,dry
canard,duck
mec,dude
exigible,due
creusé,dug
Duc,duke
terne,dull
stupide,dumb
décharger,dump
abandonné,dumped
Duncan,duncan
ne pas faire,dunno
durant,during
poussière,dust
néerlandais,dutch
fonctions,duties
devoir,duty
mourant,dying
Dylan,dylan
e,e
e-mail,e-mail
chaque,each
Aigle,eagle
oreille,ear
comte,earl
plus tôt,earlier
tôt,early
gagner,earn
mérité,earned
oreilles,ears
la terre,earth
faciliter,ease
Plus facile,easier
facilement,easily
est,east
est,eastern
facile,easy
manger,eat
mangé,eaten
en mangeant,eating
manger,eats
économie,economy
élégant,ed
Eddie,eddie
bord,edge
éditeur,editor
éducation,education
Edward,edward
effet,effect
efficace,effective
effets,effects
effort,effort
efforts,efforts
Oeuf,egg
des œufs,eggs
Egypte,egypt
Eh,eh
huit,eight
Soit,either
El,el
aîné,elder
élection,election
électrique,electric
électricité,electricity
électronique,electronic
éléments,elements
Elena,elena
l'éléphant,elephant
ascenseur,elevator
Onze,eleven
Eli,eli
Elizabeth,elizabeth
Ellen,ellen
Ellie,ellie
Elliot,elliot
autre,else
autre part,elsewhere
em,em
embarrassé,embarrassed
gênant,embarrassing
ambassade,embassy
embrasse,embrace
urgence,emergency
Emilie,emily
Emma,emma
émotion,emotion
émotionnel,emotional
émotions,emotions
empereur,emperor
Empire,empire
employé,employee
des employés,employees
vide,empty
en,en
fin,end
terminé,ended
fin,ending
prend fin,ends
ennemis,enemies
ennemi,enemy
énergie,energy
engagé,engaged
engagement,engagement
moteur,engine
ingénieur,engineer
moteurs,engines
Angleterre,england
Anglais,english
prendre plaisir,enjoy
apprécié,enjoyed
profit,enjoying
énorme,enormous
suffisant,enough
Entrer,enter
entré,entered
entrée,entering
divertissement,entertainment
entier,entire
entièrement,entirely
entrée,entrance
entrée,entry
enveloppe,envelope
environnement,environment
envie,envy
épisode,episode
égal,equal
équipement,equipment
euh,er
ère,era
Eric,eric
erm,erm
Erreur,error
échapper,escape
échappé,escaped
escorte,escort
surtout,especially
établi,established
domaine,estate
ET,et
éternel,eternal
Ethan,ethan
L'Europe ,europe
européen,european
Eva,eva
Evan,evan
veille,eve
même,even
soirée,evening
un événement,event
événements,events
finalement,eventually
déjà,ever
tous,every
Tout le monde,everybody
tous les jours,everyday
tout le monde,everyone
tout,everything
partout,everywhere
preuve,evidence
mauvais,evil
EW,ew
ex,ex
exact,exact
exactement,exactly
examen,exam
Exemple,example
Excellence,excellency
excellent,excellent
à l'exception,except
échanger,exchange
excité,excited
excitation,excitement
passionnant,exciting
excuse,excuse
des excuses,excuses
réalisé,executed
exécutif,executive
exercer,exercise
exhales,exhales
épuisé,exhausted
exister,exist
existé,existed
existence,existence
existant,exists
sortir,exit
attendre,expect
attendu,expected
attendant,expecting
chere,expensive
vivre,experience
expérimenté,experienced
expérience,experiment
expert,expert
Explique,explain
expliqué,explained
explique,explains
explication,explanation
exploser,explode
explosion,explosion
exposé,exposed
Express,express
expression,expression
En plus,extra
extraordinaire,extraordinary
extrême,extreme
extrêmement,extremely
œil,eye
les yeux,eyes
F,f
fabuleux,fabulous
Visage,face
face à face,faced
visages,faces
facilité,facility
orienté vers,facing
fait,fact
usine,factory
les faits,facts
échouer,fail
manqué,failed
échec,failure
perdre connaissance,faint
équitable,fair
équitablement,fairly
Fée,fairy
Foi,faith
fidèle,faithful
faux,fake
tomber,fall
déchu,fallen
chute,falling
des chutes,falls
célébrité,fame
familier,familiar
familles,families
famille,family
célèbre,famous
ventilateur,fan
fantaisie,fancy
Ventilateurs,fans
fantastique,fantastic
fantaisie,fantasy
loin,far
adieu,farewell
cultiver,farm
agriculteur,farmer
fascinant,fascinating
mode,fashion
vite,fast
plus rapide,faster
gros,fat
sort,fate
père,father
pères,fathers
défaut,fault
favoriser,favor
favori,favorite
favoriser,favour
favori,favourite
FBI,fbi
craindre,fear
peurs,fears
festin,feast
nourris,fed
fédéral,federal
frais,fee
nourrir,feed
alimentation,feeding
se sentir,feel
sentiment,feeling
sentiments,feelings
se sent,feels
pieds,feet
felix,felix
abattre,fell
gars,fella
gars,fellas
compagnon,fellow
feutre,felt
femelle,female
clôture,fence
festival,festival
aller chercher,fetch
fièvre,fever
peu,few
champ,field
des champs,fields
quinze,fifteen
cinquième,fifth
cinquante,fifty
lutte,fight
combattant,fighter
lutte,fighting
combats,fights
chiffre,figure
figuré,figured
Les figures,figures
dossier,file
déposé,filed
des dossiers,files
remplir,fill
rempli,filled
remplissage,filling
film,film
tournage,filming
films,films
sale,filthy
final,final
finalement,finally
financier,financial
trouver,find
découverte,finding
découvertes,finds
bien,fine
meilleur,finest
doigt,finger
empreintes,fingerprints
des doigts,fingers
terminer,finish
achevé,finished
Feu,fire
licencié,fired
les feux,fires
cuisson,firing
solidifier,firm
première,first
poisson,fish
faire de la pêche,fishing
poing,fist
adapter,fit
ajustement,fits
cinq,five
réparer,fix
fixé,fixed
drapeau,flag
flamme,flame
flammes,flames
éclat,flash
appartement,flat
flotte,fleet
chair,flesh
a volé,flew
mouches,flies
voyage en avion,flight
retourner,flip
flottant,floating
sol,floor
Floride,florida
couler,flow
fleur,flower
fleurs,flowers
mouche,fly
en volant,flying
se concentrer,focus
concentré,focused
populaire,folk
gens,folks
suivre,follow
suivi,followed
Suivant,following
affronter,fond
aliments,food
idiot,fool
dupé,fooled
tromperie,fooling
insensé,foolish
imbécile,fools
le pied,foot
images,footage
Football,football
trace de pas,footsteps
pour,for
interdire,forbid
interdit,forbidden
Obliger,force
forcé,forced
les forces,forces
gué,ford
étranger,foreign
forêt,forest
toujours,forever
Oubliez,forget
oubli,forgetting
pardonner,forgive
le pardon,forgiveness
oublié,forgot
oublié,forgotten
formulaire,form
formé,formed
ancien,former
formes,forms
fort,fort
en avant,forth
fortune,fortune
vers l'avant,forward
favoriser,foster
combattu,fought
faute,foul
trouvé,found
fondation,foundation
quatre,four
Quatrième,fourth
renard,fox
Cadre,frame
La France,france
Francis,francis
Francisco,francisco
francs,francs
franc,frank
franc,frankie
Franklin,franklin
franchement,frankly
fraude,fraud
Freak,freak
flippant,freaking
Fred,fred
freddy,freddy
libre,free
liberté,freedom
gel,freeze
gelé,freezing
français,french
Frais,fresh
Vendredi,friday
frigo,fridge
frit,fried
ami,friend
amical,friendly
copains,friends
relation amicale,friendship
effrayé,frightened
grenouille,frog
de,from
de face,front
congelé,frozen
fruit,fruit
frire,fry
fu,fu
Merde,fuck
baisé,fucked
Enfoiré,fucker
putain,fuckin
putain de,fucking
le carburant,fuel
plein,full
pleinement,fully
amusement,fun
fonction,function
fonds,fund
funéraire,funeral
drôle,funny
meubles,furniture
plus loin,further
s'agiter,fuss
avenir,future
g,g
Gabriel,gabriel
Gain,gain
galaxie,galaxy
Galerie,gallery
jeux d'argent,gambling
Jeu,game
Jeux,games
gang,gang
garage,garage
des ordures,garbage
jardin,garden
Gary,gary
gaz,gas
halètement,gasping
halètement,gasps
portail,gate
portes,gates
rassembler,gather
réunis,gathered
a donné,gave
gay,gay
équipement,gear
faire un coup de poing,gee
débordement,geez
gène,gene
général,general
génération,generation
généreuse,generous
génie,genius
doux,gentle
gentleman,gentleman
Messieurs,gentlemen
doucement,gently
véritable,genuine
George,george
allemand,german
Allemands,germans
Allemagne,germany
obtenir,get
se faire,gets
gettin,gettin
obtenir,getting
fantôme,ghost
des fantômes,ghosts
géant,giant
gibbs,gibbs
cadeau,gift
cadeaux,gifts
concert,gig
rires,giggles
fou rire,giggling
donner un coup de pied,gimme
gina,gina
Gingembre,ginger
fille,girl
petite amie,girlfriend
les filles,girls
donner,give
donné,given
donner,gives
donnant,giving
verre,glass
lunettes,glasses
global,global
Gloria,gloria
glorieux,glorious
gloire,glory
gants,gloves
aller,go
objectif,goal
chèvre,goat
dieu,god
putain,goddamn
déesse,goddess
dieux,gods
se rend,goes
va dans,goin
Aller,going
or,gold
d'or,golden
le golf,golf
disparu,gone
va,gonna
bien,good
au revoir,good-bye
au revoir,goodbye
bonté,goodness
Bonsoir,goodnight
des biens,goods
oie,goose
gordon,gordon
magnifique,gorgeous
gosh,gosh
potins,gossip
a obtenu,got
Je dois,gotta
se promener,gotten
gouvernement,government
gouverneur,governor
saisir,grab
saisi,grabbed
la grâce,grace
noter,grade
diplômé,graduate
graham,graham
grandiose,grand
grand-père,grandfather
grand-mère,grandma
grand-mère,grandmother
grand-père,grandpa
petit fils,grandson
mamie,granny
accorder,grant
accordé,granted
herbe,grass
reconnaissant,grateful
la tombe,grave
la gravité,gravity
grise,gray
génial,great
plus grand,greater
le plus grand,greatest
grec,greek
vert,green
salutations,greetings
greg,greg
faire grandir,grew
gris,grey
douleur,grief
saisir,grip
gémissant,groaning
gémissements,groans
marié,groom
brut,gross
terrain,ground
terrains,grounds
groupe,group
groupes,groups
grandir,grow
croissance,growing
grondement,growling
grognements,growls
cultivé,grown
grandir,grows
grognement,grunting
grogner,grunts
garantie,guarantee
gardien,guard
Gardien,guardian
gardes,guards
deviner,guess
devinant,guessing
invité,guest
invités,guests
guide,guide
culpabilité,guilt
coupable,guilty
guitare,guitar
gencive,gum
pistolet,gun
fusillade,gunfire
canons,guns
coup de feu,gunshot
coups de feu,gunshots
gus,gus
intestin,gut
entrailles,guts
mec,guy
les mecs,guys
Gym,gym
H,h
Ha,ha
habitude,habit
avais,had
n'avoir pas,hadn
grêle,hail
Cheveu,hair
demi,half
à mi-chemin,halfway
salle,hall
Halloween,halloween
arrêt,halt
jambon,ham
marteau,hammer
Han,han
main,hand
remis,handed
manipuler,handle
manipulé,handled
manutention,handling
mains,hands
Beau,handsome
pendre,hang
suspendu,hanging
hanche,hank
Hannah,hannah
se produire,happen
passé,happened
événement,happening
arrive,happens
plus heureux,happier
Heureusement,happily
Bonheur,happiness
heureux,happy
dur,hard
Plus fort,harder
à peine,hardly
préjudice,harm
Harold,harold
Harper,harper
Harris,harris
harceler,harry
dur,harsh
Harvey,harvey
a,has
hasé,hasn
chapeau,hat
détester,hate
détesté,hated
déteste,hates
haine,hatred
ont,have
havre,haven
ayant,having
il,he
tête,head
mal de tête,headache
à tête,headed
titre,heading
quartier général,headquarters
têtes,heads
guérir,heal
santé,health
en bonne santé,healthy
écouter,hear
entendu,heard
audience,hearing
cœur,heart
cœurs,hearts
Chauffer,heat
chauffage,heather
paradis,heaven
cieux,heavens
fortement,heavily
lourd,heavy
Zut,heck
Hector,hector
talons,heels
il h,heh
la taille,height
tenu,held
Helen,helen
hélicoptère,helicopter
enfer,hell
bonjour,hello
casque,helmet
aider,help
aidé,helped
utile,helpful
portion,helping
aider,helps
Henri,henry
son,her
Hercule,hercules
ici,here
héros,hero
héros,heroes
héroïne,heroin
Herr,herr
la sienne,hers
se,herself
hé,hey
salut,hi
se cacher,hid
caché,hidden
cacher,hide
cache,hiding
haute,high
plus haut,higher
le plus élevé,highest
très,highly
altesse,highness
Autoroute,highway
colline,hill
collines,hills
lui,him
lui-même,himself
hanche,hip
embaucher,hire
embauché,hired
le sien,his
l'histoire,history
succès,hit
Hitler,hitler
les coups,hits
frappe,hitting
HM,hm
hmm,hmm
ho,ho
tenir,hold
holding,holding
cale,holds
trou,hole
des trous,holes
vacance,holiday
vacances,holidays
houx,holly
Hollywood,hollywood
Holmes,holmes
saint,holy
domicile,home
sans-abri,homeless
Homère,homer
maisons,homes
devoirs,homework
homicide,homicide
son,hon
honnête,honest
franchement,honestly
Miel,honey
voyage de noces,honeymoon
hong,hong
klaxon,honking
honneur,honor
honoré,honored
honneur,honour
capot,hood
accrocher,hook
accroché,hooked
saut,hop
espoir,hope
espéré,hoped
avec un peu de chance,hopefully
désespéré,hopeless
espoir,hopes
en espérant,hoping
klaxon,horn
horrible,horrible
horreur,horror
cheval,horse
les chevaux,horses
hôpital,hospital
héberger,host
otage,hostage
chaud,hot
Hôtel,hotel
heure,hour
heures,hours
loger,house
Maisons,houses
comment,how
howard,howard
toutefois,however
étreinte,hug
énorme,huge
hein,huh
Humain,human
humanité,humanity
humains,humans
humble,humble
bourdonnement,humming
humour,humor
cent,hundred
centaines,hundreds
suspendu,hung
faim,hunger
faim,hungry
chasse,hunt
chasseur,hunter
chasse,hunting
dépêche toi,hurry
blesser,hurt
blessé,hurting
fait mal,hurts
mari,husband
cabane,hut
je,i
je,i
je-,i-
i-i,i-i
je.,i.
identifiant.,i.d.
je suis,I'm
j'ai,i've
Ian,ian
la glace,ice
identifiant,id
idée,idea
idéal,ideal
idées,ideas
identifié,identified
identité,identify
identité,identity
idiot,idiot
idiots,idiots
si,if
ignorer,ignore
ii,ii
ii,ii
iike,iike
malade,ill
illégal,illegal
maladies,illness
image,image
images,images
imagination,imagination
imaginer,imagine
imaginé,imagined
immédiat,immediate
immédiatement,immediately
immunité,immunity
impact,impact
impérial,imperial
importance,importance
important,important
impossible,impossible
impressionner,impress
impressionné,impressed
impression,impression
Impressionant,impressive
améliorer,improve
dans,in
pouce,inch
pouces,inches
incident,incident
comprendre,include
y compris,including
augmenter,increase
incroyable,incredible
incroyablement,incredibly
En effet,indeed
indépendant,independent
Inde,india
Indien,indian
Indiens,indians
indistinct,indistinct
indistinctement,indistinctly
individuel,individual
industrie,industry
infecté,infected
infection,infection
rayonnement,influence
informer,inform
informations,information
informé,informed
blessée,injured
blessures,injuries
blessure,injury
auberge,inn
intérieur,inner
innocent,innocent
fou,insane
à l'intérieur,inside
insister,insist
insisté,insisted
inspecteur,inspector
inspiré,inspired
exemple,instance
instantané,instant
Au lieu,instead
des instructions,instructions
instrumental,instrumental
insulte,insult
Assurance,insurance
intelligence,intelligence
intelligente,intelligent
intention,intend
prévu,intended
intense,intense
intention,intention
intérêt,interest
intéressé,interested
intéressant,interesting
intérêts,interests
interférer,interfere
interne,internal
international,international
l'Internet,internet
couper la parole,interrupt
interview,interview
dans,into
introduire,introduce
présenté,introduced
a inventé,invented
enquêter,investigate
enquêteur,investigating
enquête,investigation
investissement,investment
invisible,invisible
invitation,invitation
inviter,invite
invité,invited
impliqué,involved
Irak,iraq
irlandais,irish
le fer,iron
est,is
île,island
îles,islands
norme,isn
Israël,israel
publier,issue
problèmes,issues
ce,it
italien,italian
Italie,italy
Objet,item
éléments,items
son,its
lui-même,itself
Ivan,ivan
J,j
jack,jack
veste,jacket
jackie,jackie
Jackson,jackson
Jacob,jacob
prison,jail
jake,jake
Confiture,jam
James,james
Jamie,jamie
Jeanne,jane
Janet,janet
janvier,january
Japon,japan
Japonais,japanese
Jason,jason
geai,jay
le jazz,jazz
jaloux,jealous
jean,jean
bonder,jeez
Jeff,jeff
Jen,jen
jenna,jenna
Jennifer,jennifer
Jenny,jenny
jeremy,jeremy
secousse,jerk
jerry,jerry
Jersey,jersey
Jess,jess
Jesse,jesse
Jessica,jessica
Jésus,jesus
jet,jet
Juif,jew
bijoux,jewelry
juif,jewish
les Juifs,jews
jill,jill
Jim,jim
Jimmy,jimmy
Jin,jin
Jo,jo
Joan,joan
travail,job
travaux,jobs
Joe,joe
Joey,joey
Jean,john
Johnny,johnny
Johnson,johnson
rejoindre,join
joint,joined
joindre,joining
découper,joint
plaisanter,joke
blagues,jokes
plaisanterie,joking
Jon,jon
Jonathan,jonathan
Jones,jones
Jordan,jordan
Joseph,joseph
Josh,josh
journaliste,journalist
périple,journey
joie,joy
juan,juan
juge,judge
juges,judges
jugement,judging
jugement,judgment
Judy,judy
jus,juice
jules,jules
Julia,julia
julien,julian
Julie,julie
juillet,july
saut,jump
sauté,jumped
saut,jumping
juin,june
jungle,jungle
junior,junior
déchet,junk
jury,jury
juste,just
juste-,just-
Justice,justice
Justin,justin
k,k
kang,kang
Karen,karen
karl,karl
Kate,kate
Katie,katie
enthousiaste,keen
donjon,keep
en gardant,keeping
garder,keeps
Keith,keith
kelly,kelly
ken,ken
Kenny,kenny
Kent,kent
gardé,kept
Kevin,kevin
clé,key
clés,keys
khan,khan
donner un coup,kick
botté,kicked
coup de pied,kicking
enfant,kid
plaisanter,kidding
kidnappé,kidnapped
enlèvement,kidnapping
des gamins,kids
tuer,kill
tué,killed
tueur,killer
tueurs,killers
meurtre,killing
tueries,kills
kim,kim
gentil,kind
en quelque sorte,kinda
gentil,kindly
la gentillesse,kindness
type,kinds
Roi,king
Royaume,kingdom
rois,kings
embrasser,kiss
embrassé,kissed
baisers,kisses
baiser,kissing
trousse,kit
cuisine,kitchen
minou,kitty
genou,knee
genoux,knees
connaissait,knew
couteau,knife
Chevalier,knight
frappe,knock
frappé,knocked
cognement,knocking
connaître,know
connaissance,knowing
connaissances,knowledge
connu,known
sache,knows
kong,kong
Corée,korea
coréen,korean
kurt,kurt
kyle,kyle
l,l
la.,l.a.
la,la
laboratoire,lab
travail,labor
manque,lack
garçon,lad
échelle,ladder
Dames,ladies
femelles,lads
la demoiselle,lady
posé,laid
Lac,lake
agneau,lamb
boiteux,lame
lampe,lamp
lance,lance
terrain,land
a atterri,landed
un atterrissage,landing
terres,lands
voie,lane
Langue,language
tour,lap
grand,large
plus grande,larger
le plus grand,largest
larry,larry
dernière,last
en retard,late
dernièrement,lately
plus tard,later
dernier,latest
Latin,latin
rire,laugh
rire,laughed
riant,laughing
des rires,laughs
rire,laughter
lancement,launch
lessive,laundry
Laura,laura
Lauren,lauren
droit,law
Lawrence,lawrence
lois,laws
avocat,lawyer
avocats,lawyers
allonger,lay
pose,laying
paresseux,lazy
le,le
conduire,lead
chef,leader
dirigeants,leaders
premier,leading
pistes,leads
ligue,league
fuite,leak
maigre,lean
apprendre,learn
appris,learned
apprentissage,learning
moins,least
cuir,leather
Pars,leave
feuilles,leaves
en quittant,leaving
conférence,lecture
LED,led
percevoir,lee
la gauche,left
jambe,leg
juridique,legal
Légende,legend
les jambes,legs
citron,lemon
prêter,lend
Leo,leo
leon,leon
Leslie,leslie
moins,less
leçon,lesson
cours,lessons
laisser,let
laisse,lets
lettre,letter
des lettres,letters
location,letting
niveau,level
niveaux,levels
Lewis,lewis
LF,lf
li,li
liam,liam
menteur,liar
liberté,liberty
bibliothèque,library
Licence,license
mentir,lie
menti,lied
mensonges,lies
lieutenant,lieutenant
la vie,life
durée de vie,lifetime
lever,lift
lumière,light
plus léger,lighter
éclair,lightning
lumières,lights
Comme,like
aimé,liked
probable,likely
aime,likes
lis,lily
limite,limit
limité,limited
limites,limits
Lincoln,lincoln
linda,linda
ligne,line
lignes,lines
lien,link
lion,lion
lèvre,lip
lèvres,lips
liquide,liquid
alcool,liquor
Lisa,lisa
liste,list
Ecoutez,listen
écouté,listened
écoute,listening
éclairé,lit
au sens propre,literally
peu,little
Direct,live
vivait,lived
foie,liver
des vies,lives
vivant,living
Liz,liz
ll,ll
lloyd,lloyd
LN,ln
à,lo
charger,load
chargé,loaded
prêt,loan
local,local
situé,located
emplacement,location
bloquer,lock
fermé à clé,locked
casier,locker
Journal,log
Logan,logan
Lois,lois
Londres,london
solitaire,lonely
long,long
plus long,longer
voir,look
avoir regardé,looked
regarder dans,lookin
en regardant,looking
regards,looks
ample,loose
seigneur,lord
los,los
perdre,lose
perdant,loser
perdus,loses
perdant,losing
perte,loss
perdu,lost
parcelle,lot
beaucoup,lots
louche,lou
fort,loud
Plus fort,louder
Louis,louis
Louise,louise
pouilleux,lousy
aimer,love
aimé,loved
joli,lovely
amoureux,lover
les amoureux,lovers
amours,loves
aimant,loving
bas,low
plus bas,lower
loyal,loyal
loyauté,loyalty
LS,ls
LT,lt
Lucas,lucas
chance,luck
Heureusement,luckily
chanceux,lucky
Lucy,lucy
bagage,luggage
luck,luke
déjeuner,lunch
poumon,lung
poumons,lungs
mensonge,lying
m,m
mâle,ma
Mac,mac
machine,machine
Machines,machines
fou,mad
madame,madam
Madame,madame
fabriqué,made
la démence,madness
magazine,magazine
Maggie,maggie
la magie,magic
magique,magical
magnifique,magnificent
Femme de ménage,maid
courrier,mail
principale,main
maintenir,maintain
majesté,majesty
Majeur,major
Fabriquer,make
fait du,makes
se maquiller,makeup
fabrication,making
malcolm,malcolm
Masculin,male
centre commercial,mall
maman,mama
homme,man
faire en sorte,manage
géré,managed
la gestion,management
gestionnaire,manager
humanité,mankind
manière,manner
manières,manners
de nombreux,many
carte,map
Mars,march
marco,marco
marcus,marcus
margaret,margaret
Maria,maria
Marie,marie
Marin,marine
Mario,mario
marque,mark
marqué,marked
marché,market
Des marques,marks
mariage,marriage
marié,married
marier,marry
se marier,marrying
Mars,mars
maréchal,marshal
maréchal,marshall
Martha,martha
martial,martial
Martin,martin
Marty,marty
Marie,mary
masque,mask
le maçon,mason
Masse,mass
massage,massage
massif,massive
Maître,master
maîtrise,masters
match,match
allumettes,matches
camarade,mate
Matériel,material
math,math
mat,matt
question,matter
questions,matters
Matthieu,matthew
max,max
peut,may
Maya,maya
peut être,maybe
maire,mayor
moi,me
repas,meal
moyenne,mean
sens,meaning
moyens,means
censé,meant
entre temps,meantime
pendant ce temps,meanwhile
mesure,measure
Viande,meat
médaille,medal
médias,media
médical,medical
médicament,medication
Médicament,medicine
rencontrer,meet
Rencontre,meeting
réunions,meetings
Megan,megan
mel,mel
mélisse,melissa
membre,member
membres,members
souvenirs,memories
Mémoire,memory
Hommes,men
mental,mental
mention,mention
mentionné,mentioned
menu,menu
miséricorde,mercy
simple,mere
seulement,merely
joyeux,merry
désordre,mess
message,message
messages,messages
fous,messed
désordre,messing
rencontré,met
métal,metal
mètres,meters
méthode,method
mexicain,mexican
Mexique,mexico
mi,mi
mia,mia
Miami,miami
Michael,michael
Michelle,michelle
Mickey,mickey
milieu,middle
minuit,midnight
force,might
puissant,mighty
Mike,mike
mile,mile
kilomètres,miles
militaire,military
Le Lait,milk
meunier,miller
million,million
des millions,millions
dérange,mind
esprit,minds
mien,mine
ministre,minister
mineure,minor
minute,minute
minutes,minutes
miracle,miracle
miroir,mirror
misérable,miserable
misère,misery
Mademoiselle,miss
manqué,missed
disparu,missing
mission,mission
erreur,mistake
se tromper,mistaken
erreurs,mistakes
Monsieur,mister
maîtresse,mistress
malentendu,misunderstanding
mitch,mitch
Mitchell,mitchell
mélanger,mix
mixte,mixed
MM,mm
mm-hm,mm-hm
mm-hmm,mm-hmm
mmm,mmm
mmm-hmm,mmm-hmm
MO,mo
gémissant,moaning
foule,mob
portable,mobile
maquette,model
des modèles,models
moderne,modern
Molly,molly
maman,mom
moment,moment
des moments,moments
maman,mommy
lun,mon
Lundi,monday
argent,money
monica,monica
moniteur,monitor
moine,monk
singe,monkey
Monsieur,monsieur
monstre,monster
monstres,monsters
mois,month
mois,months
ambiance,mood
lune,moon
moral,moral
Suite,more
Morgan,morgan
Matin,morning
imbécile,moron
Moscou,moscow
plus,most
la plupart,mostly
motel,motel
mère,mother
connard,motherfucker
mères,mothers
mouvement,motion
motif,motive
moteur,motor
moto,motorcycle
monter,mount
Montagne,mountain
montagnes,mountains
Souris,mouse
bouche,mouth
mouvement,move
déplacé,moved
mouvement,movement
se déplace,moves
film,movie
films,movies
en mouvement,moving
m,mr
m.,mr.
Madame,mrs
Madame.,mrs.
Mme,ms
m / s.,ms.
beaucoup,much
boue,mud
étouffé,muffled
plusieurs,multiple
maman,mum
Momie,mummy
meurtre,murder
assassiné,murdered
meurtrier,murderer
meurtres,murders
Murphy,murphy
le muscle,muscle
musée,museum
musique,music
musical,musical
devoir,must
incontournable,mustn
ma,my
moi même,myself
mystérieux,mysterious
mystère,mystery
n,n
n / A,na
non,nah
clou,nail
clous,nails
nu,naked
Nom,name
nommé,named
des noms,names
nancy,nancy
nounou,nanny
sieste,nap
narrateur,narrator
étroit,narrow
méchant,nasty
natalie,natalie
nate,nate
Nathan,nathan
nation,nation
nationale,national
originaire de,native
Naturel,natural
naturellement,naturally
la nature,nature
vilain,naughty
marine,navy
à proximité,near
tout près d'ici,nearby
presque,nearly
soigné,neat
nécessairement,necessarily
nécessaire,necessary
cou,neck
Collier,necklace
ned,ned
besoin,need
nécessaire,needed
aiguille,needle
Besoins,needs
négatif,negative
voisine,neighbor
quartier,neighborhood
voisins,neighbors
neil,neil
ni,neither
Nelson,nelson
neveu,nephew
nerf,nerve
nerfs,nerves
nerveux,nervous
nid,nest
rapporter,net
réseau,network
jamais,never
Nouveau,new
nouvelles,news
un journal,newspaper
journaux,newspapers
Suivant,next
agréable,nice
bien,nicely
pseudo,nick
Nicole,nicole
la nièce,niece
nigga,nigga
nuit,night
cauchemar,nightmare
nuits,nights
Nina,nina
neuf,nine
non,no
personne,no-one
non.,no.
Noé,noah
noble,noble
personne,nobody
bruit,noise
rien,none
absurdité,nonsense
midi,noon
Nan,nope
ni,nor
nora,nora
Ordinaire,normal
normalement,normally
normand,norman
Nord,north
nord,northern
nez,nose
ne pas,not
Remarque,note
Remarques,notes
rien,nothin
rien,nothing
remarquer,notice
remarqué,noticed
roman,novel
novembre,november
à présent,now
de nos jours,nowadays
nulle part,nowhere
nucléaire,nuclear
Numéro,number
Nombres,numbers
infirmière,nurse
noix,nut
des noisettes,nuts
o,o
serment,oath
obéit,obey
objet,object
objection,objection
objets,objects
observer,observe
obsédé,obsessed
évident,obvious
évidemment,obviously
occasion,occasion
eu lieu,occurred
océan,ocean
octobre,october
étrange,odd
chances,odds
de,of
à l'arrêt,off
infraction,offense
offrir,offer
offert,offered
offre,offering
Bureau,office
officier,officer
officiers,officers
officiel,official
officiellement,officially
souvent,often
oh,oh
ohh,ohh
oi,oi
pétrole,oil
d'accord,ok
d'accord,okay
Agé de,old
plus âgée,older
le plus ancien,oldest
Oliver,oliver
Olivia,olivia
sur,on
une fois que,once
une,one
ceux,ones
en ligne,online
seulement,only
sur,onto
ooh,ooh
Oops,oops
ouvert,open
ouvert,opened
ouverture,opening
ouvrir,opens
opéra,opera
fonctionner,operate
en fonctionnement,operating
opération,operation
opérations,operations
opérateur,operator
opinion,opinion
occasion,opportunity
opposé,opposite
option,option
options,options
ou,or
orange,orange
ordre,order
commandé,ordered
ordres,orders
ordinaire,ordinary
organisme,organization
organisé,organized
original,original
oscar,oscar
autre,other
les autres,others
Par ailleurs,otherwise
Aie,ouch
devrait,ought
notre,our
les notres,ours
nous-mêmes,ourselves
dehors,out
tenue,outfit
à l'extérieur,outside
sortir,outta
four,oven
plus de,over
ow,ow
devoir,owe
owen,owen
posséder,own
propriétaire,owned
propriétaire,owner
propriétaire,owns
oxygène,oxygen
p,p
P.M.,p.m.
Pennsylvanie,pa
pacifique,pacific
paquet,pack
forfait,package
emballé,packed
emballage,packing
page,page
pages,pages
payé,paid
Paige,paige
la douleur,pain
douloureux,painful
Peinture,paint
peint,painted
La peinture,painting
peintures,paintings
paire,pair
copain,pal
palais,palace
pâle,pale
palmier,palm
pam,pam
poêle,pan
panique,panic
halètement,panting
les pantalons,pants
papa,papa
papier,paper
papiers,papers
formalités administratives,paperwork
parade,parade
paradis,paradise
paranoïaque,paranoid
pardon,pardon
parent,parent
Parents,parents
Paris,paris
parc,park
en stationnement,parked
parker,parker
parking,parking
partie,part
particulier,particular
notamment,particularly
des soirées,parties
partenaire,partner
les partenaires,partners
les pièces,parts
faire la fête,party
passer,pass
passé,passed
passagers,passengers
col,passes
qui passe,passing
la passion,passion
passeport,passport
passé,past
tapoter,pat
correctif,patch
chemin,path
pathétique,pathetic
patience,patience
patient,patient
les patients,patients
Patrick,patrick
patrouille,patrol
motif,pattern
Paul,paul
Paula,paula
Payer,pay
payant,paying
Paiement,payment
paie,pays
paix,peace
pacifique,peaceful
perle,pearl
pipi,pee
peggy,peggy
stylo,pen
peine,penalty
pénis,penis
penny,penny
personnes,people
poivre,pepper
par,per
pour cent,percent
parfait,perfect
à la perfection,perfectly
effectuer,perform
performance,performance
parfum,perfume
peut-être,perhaps
période,period
permanent,permanent
autorisation,permission
permis,permit
poiré,perry
la personne,person
personnel,personal
personnalité,personality
personnellement,personally
personnel,personnel
personnes,persons
perspective,perspective
animaux,pet
pete,pete
Pierre,peter
petit,petty
phase,phase
Phil,phil
Philippe,philip
téléphoner,phone
Téléphone (s,phones
photo,photo
photographier,photograph
photographe,photographer
photographies,photographs
Photos,photos
physique,physical
physiquement,physically
piano,piano
prendre,pick
choisi,picked
cueillette,picking
image,picture
des photos,pictures
tarte,pie
pièce,piece
pièces,pieces
transpercer,pierce
percer,pierre
cochon,pig
les cochons,pigs
pile,pile
pilule,pill
oreiller,pillow
pilules,pills
pilote,pilot
broche,pin
rose,pink
tuyau,pipe
pisse,piss
énervé,pissed
fosse,pit
terrain,pitch
pitié,pity
pizza,pizza
place,place
mis,placed
des endroits,places
plaine,plain
planifier,plan
avion,plane
Avions,planes
planète,planet
planètes,planets
prévu,planned
Planification,planning
des plans,plans
plante,plant
planté,planted
végétaux,plants
Plastique,plastic
assiette,plate
assiettes,plates
jouer,play
joué,played
joueur,player
joueurs,players
en jouant,playing
pièces,plays
agréable,pleasant
s'il vous plaît,please
heureux,pleased
plaisir,pleasure
abondance,plenty
terrain,plot
plus,plus
PM,pm
poche,pocket
les poches,pockets
poème,poem
poète,poet
poésie,poetry
indiquer,point
points,points
poison,poison
empoisonné,poisoned
poker,poker
pôle,pole
police,police
policier,policeman
politique,policy
polonais,polish
poli,polite
politique,political
politique,politics
bassin,pool
pauvre,poor
populaire,pop
le pape,pope
pop,pops
populaire,popular
population,population
porc,pork
porno,porn
Port,port
point de point,pos
position,position
positions,positions
positif,positive
possession,possession
possibilité,possibility
possible,possible
peut-être,possibly
Publier,post
affiché,posted
pot,pot
Patate,potato
pommes de terre,potatoes
potentiel,potential
livre,pound
livres sterling,pounds
verser,pour
poudre,powder
Puissance,power
puissant,powerful
pouvoirs,powers
pratique,practical
pratiquement,practically
pratique,practice
pratiquant,practicing
louer,praise
prier,pray
prière,prayer
prières,prayers
prière,praying
précieux,precious
précisément,precisely
préfère,prefer
Enceinte,pregnant
préparer,prepare
préparé,prepared
en train de préparer,preparing
présence,presence
cadeau,present
cadeaux,presents
Président,president
presse,press
pression,pressure
faire semblant,pretend
prétendre,pretending
jolie,pretty
empêcher,prevent
précédent,previous
précédemment,previously
proie,prey
le prix,price
piquer,prick
Orgueil,pride
prêtre,priest
primaire,primary
prime,prime
prince,prince
Princesse,princess
directeur,principal
imprimer,print
tirages,prints
priorité,priority
prison,prison
prisonnier,prisoner
les prisonniers,prisoners
intimité,privacy
privé,private
prix,prize
pro,pro
Probablement,probably
problème,problem
problèmes,problems
procédure,procedure
poursuivre,proceed
traiter,process
produire,produce
produit,produced
producteur,producer
produit,product
production,production
profession,profession
professionnelle,professional
professeur,professor
profil,profile
profit,profit
programme,program
le progrès,progress
projet,project
bal de promo,prom
promettre,promise
promis,promised
promesses,promises
promotion,promotion
preuve,proof
correct,proper
correctement,properly
propriété,property
proposition,proposal
proposer,propose
procureur,prosecutor
protéger,protect
protégé,protected
protecteur,protecting
protection,protection
manifestation,protest
fier,proud
prouver,prove
prouvé,proved
apporter,provide
fourni,provided
psychique,psychic
psycho,psycho
pub,pub
Publique,public
tirer,pull
tiré,pulled
tirant,pulling
impulsion,pulse
pompe,pump
coup de poing,punch
punir,punish
puni,punished
Châtiment,punishment
punk,punk
chiot,puppy
pur,pure
violet,purple
objectif,purpose
sac,purse
pousser,push
poussé,pushed
poussée,pushing
chatte,pussy
mettre,put
put,puts
en mettant,putting
qualité,quality
trimestre,quarter
quartiers,quarters
reine,queen
question,question
interrogatoire,questioning
des questions,questions
rapide,quick
rapidement,quickly
calme,quiet
tranquillement,quietly
quinn,quinn
quitter,quit
assez,quite
Devis,quote
r,r
lapin,rabbit
course,race
Rachel,rachel
courses,racing
radar,radar
radiation,radiation
radio,radio
rage,rage
raid,raid
pluie,rain
il pleut,raining
soulever,raise
soulevé,raised
élevage,raising
ralph,ralph
RAM,ram
couru,ran
ranch,ranch
Aléatoire,random
excité,randy
intervalle,range
rangers,rangers
rap,rap
râpé,rape
violé,raped
rare,rare
rat,rat
évaluer,rate
plutôt,rather
les rats,rats
cru,raw
rayon,ray
Raymond,raymond
concernant,re
atteindre,reach
atteint,reached
réagir,react
réaction,reaction
lis,read
en train de lire,reading
prêt,ready
réel,real
prendre conscience de,realise
réalisé,realised
réalité,reality
prendre conscience de,realize
réalisé,realized
vraiment,really
arrière,rear
raison,reason
raisonnable,reasonable
les raisons,reasons
Rebecca,rebecca
rappeler,recall
recevoir,receive
reçu,received
récent,recent
récemment,recently
ACCUEIL,reception
croire,reckon
reconnaître,recognise
reconnaître,recognize
reconnu,recognized
recommander,recommend
enregistrement,record
enregistré,recorded
enregistrement,recording
enregistrements,records
récupérer,recover
rétabli,recovered
récupération,recovery
rouge,red
refuser,refuse
refusé,refused
En ce qui concerne,regarding
Région,region
S'inscrire,register
inscrit,registered
regret,regret
habituel,regular
répétition,rehearsal
en relation,related
rapports,relations
relation,relationship
des relations,relationships
relatif,relative
les proches,relatives
Détendez-vous,relax
Libération,release
publié,released
le soulagement,relief
soulagé,relieved
la religion,religion
religieux,religious
compter,rely
rester,remain
restant,remaining
restes,remains
remarquable,remarkable
rappelles toi,remember
rappelé,remembered
rappeler,remind
rappeler,reminds
télécommande,remote
retirer,remove
supprimé,removed
location,rent
réparation,repair
répéter,repeat
remplacer,replace
remplacé,replaced
rapport,report
signalé,reported
journaliste,reporter
déclaration,reporting
rapports,reports
représenter,represent
république,republic
réputation,reputation
demande,request
demandé,requested
exiger,require
obligatoire,required
a besoin,requires
sauvetage,rescue
rechercher,research
résister,resist
la résistance,resistance
Ressources,resources
respect,respect
répondre,respond
réponse,response
responsabilité,responsibility
responsable,responsible
le repos,rest
restaurant,restaurant
résultat,result
résultats,results
à la retraite,retired
battre en retraite,retreat
revenir,return
revenu,returned
retour,returning
Retour,returns
révéler,reveal
révélé,revealed
vengeance,revenge
révérend,reverend
inverse,reverse
examen,review
révolution,revolution
récompense,reward
rex,rex
rythme,rhythm
riz,rice
riche,rich
Richard,richard
meule,rick
ricky,ricky
débarrasser,rid
balade,ride
ridicule,ridiculous
équitation,riding
fusil,rifle
droit,right
droits,rights
Riley,riley
bague,ring
sonnerie,ringing
anneaux,rings
repose en paix,rip
déchiré,ripped
monter,rise
en hausse,rising
risque,risk
des risques,risks
risqué,risky
Rita,rita
rituel,ritual
fleuve,river
route,road
routes,roads
rugissement,roaring
Rob,rob
volé,robbed
vol,robbery
Robert,robert
roupler,robin
robot,robot
rock,rock
fusée,rocket
rochers,rocks
rocheux,rocky
Roger,roger
rôle,role
rouleau,roll
roulant,rolling
romain,roman
romance,romance
romantique,romantic
Rome,rome
Roméo,romeo
Ron,ron
ronnie,ronnie
toit,roof
chambre,room
colocataire,roommate
pièces,rooms
racine,root
corde,rope
Rosa,rosa
Rose,rose
des roses,roses
rosie,rosie
ross,ross
pourri,rotten
rugueux,rough
tour,round
Les manches,rounds
itinéraire,route
routine,routine
ligne,row
roy,roy
Royal,royal
frotter,rub
caoutchouc,rubber
déchets,rubbish
rubis,ruby
Impoli,rude
ruine,ruin
ruiné,ruined
régner,rule
règles,rules
grondement,rumbling
rumeur,rumor
rumeurs,rumors
Cours,run
fonctionnement,running
courses,runs
se ruer,rush
Russell,russell
Russie,russia
russe,russian
les Russes,russians
rouillé,rusty
Ruth,ruth
Ryan,ryan
s,s
s-,s-
sac,sack
sacré,sacred
sacrifice,sacrifice
triste,sad
sûr,safe
sans encombre,safely
plus sûr,safer
sécurité,safety
a dit,said
naviguer,sail
Saint,saint
Saké,sake
salade,salad
un salaire,salary
vendre,sale
Ventes,sales
sortie,sally
sel,salt
Sam,sam
Samantha,samantha
même,same
sammy,sammy
goûter,sample
échantillons,samples
San,san
le sable,sand
Sandra,sandra
sandwich,sandwich
sablonneux,sandy
a chanté,sang
Père Noël,santa
Sara,sara
Sarah,sarah
sarge,sarge
assis,sat
Satan,satan
Satellite,satellite
satisfait,satisfied
samedi,saturday
sauce,sauce
enregistrer,save
enregistré,saved
économie,saving
vu,saw
dire,say
en disant,saying
dit,says
échelle,scale
analyse,scan
scandale,scandal
cicatrice,scar
effrayer,scare
effrayé,scared
angoissant,scary
scène,scene
scènes,scenes
programme,schedule
école,school
écoles,schools
la science,science
scientifique,scientific
scientifique,scientist
scientifiques,scientists
se moquer de,scoffs
score,score
scotch,scotch
Écosse,scotland
Scott,scott
scout,scout
se gratter,scratch
pousser un cri,scream
en hurlant,screaming
cris,screams
crispade,screeching
filtrer,screen
vis,screw
vissé,screwed
scénario,script
écume,scum
mer,sea
sceller,seal
scellé,sealed
Sean,sean
chercher,search
cherché,searched
recherche,searching
saison,season
siège,seat
des places,seats
Sébastien,sebastian
seconde,sec
deuxième,second
secondes,seconds
secret,secret
secrétaire,secretary
secrets,secrets
section,section
sécurisé,secure
Sécurité,security
voir,see
voyant,seeing
chercher,seek
sembler,seem
semblant,seemed
semble,seems
vu,seen
voir,sees
soi,self
égoïste,selfish
vendre,sell
vente,selling
sénateur,senator
envoyer,send
Envoi en cours,sending
envoi,sends
Sénior,senior
sens,sense
sens,senses
sensible,sensitive
expédié,sent
phrase,sentence
séparé,separate
séparé,separated
septembre,september
sergent,sergeant
en série,serial
série,series
sérieuse,serious
sérieusement,seriously
serviteur,servant
domestiques,servants
servez,serve
servi,served
service,service
prestations de service,services
portion,serving
session,session
Positionner,set
Seth,seth
sets,sets
paramètre,setting
régler,settle
colonisé,settled
Sept,seven
plusieurs,several
sévère,severe
sexe,sex
sexuel,sexual
sexy,sexy
ombre,shadow
ombres,shadows
secouer,shake
tremblement,shaking
devoir,shall
la honte,shame
shane,shane
forme,shape
partager,share
partagé,shared
partage,sharing
requin,shark
tranchant,sharp
raser,shave
minet,shawn
elle,she
hangar,shed
mouton,sheep
feuille,sheet
des draps,sheets
coquille,shell
abri,shelter
shérif,sheriff
shh,shh
bouclier,shield
décalage,shift
briller,shine
brillant,shining
bateau,ship
navires,ships
chemise,shirt
merde,shit
merdique,shitty
choc,shock
sous le choc,shocked
chaussure,shoe
des chaussures,shoes
tirer,shoot
tireur,shooter
tournage,shooting
magasin,shop
achats,shopping
rive,shore
court,short
prochainement,shortly
tir,shot
coups,shots
devrait,should
épaule,shoulder
épaules,shoulders
ne devrait pas,shouldn
cri,shout
en criant,shouting
des cris,shouts
pousser,shove
Afficher,show
montré,showed
douche,shower
projection,showing
indiqué,shown
spectacles,shows
fermer,shut
timide,shy
si,si
malade,sick
sid,sid
côté,side
côtés,sides
soupirs,sighing
soupirer,sighs
vue,sight
pancarte,sign
signal,signal
Signature,signature
signé,signed
important,significant
signature,signing
panneaux,signs
le silence,silence
silencieux,silent
soie,silk
idiot,silly
argent,silver
similaire,similar
Simon,simon
Facile,simple
simplement,simply
péché,sin
puisque,since
chanter,sing
chanteuse,singer
chant,singh
en chantant,singing
Célibataire,single
chanter,sings
évier,sink
péchés capitaux,sins
Monsieur,sir
sire,sire
sirène,siren
sirènes,sirens
soeur,sis
sœur,sister
sœurs,sisters
asseoir,sit
placer,site
se trouve,sits
séance,sitting
situation,situation
six,six
sixième,sixth
Taille,size
compétence,skill
compétences,skills
peau,skin
mince,skinny
sauter,skip
jupe,skirt
crâne,skull
ciel,sky
gifler,slap
trimer,slave
des esclaves,slaves
dormir,sleep
en train de dormir,sleeping
dormi,slept
faire glisser,slide
léger,slight
légèrement,slightly
caleçon,slip
glissé,slipped
lent,slow
tout doucement,slowly
salope,slut
petit,small
plus petit,smaller
intelligent,smart
plus intelligent,smarter
fracasser,smash
sentir,smell
odorce,smells
le sourire,smile
souriant,smiling
forgeron,smith
fumée,smoke
fumeur,smoking
lisse,smooth
serpent,snake
instantané,snap
se faufiler,sneak
neiger,snow
alors,so
soi-disant,so-called
du savon,soap
sanglot,sobbing
sobre,sober
football,soccer
social,social
société,society
chaussettes,socks
un soda,soda
"mou, tendre",soft
doucement,softly
sol,soil
solaire,solar
vendu,sold
soldat,soldier
soldats,soldiers
solide,solid
solo,solo
la solution,solution
résoudre,solve
résolu,solved
quelques,some
quelqu'un,somebody
un jour,someday
en quelque sorte,somehow
quelqu'un,someone
quelque part,someplace
quelque chose,somethin
quelque chose,something
parfois,sometime
quelquefois,sometimes
quelque peu,somewhat
quelque part,somewhere
fils,son
chanson,song
Chansons,songs
sonique,sonic
fiston,sonny
fils,sons
bientôt,soon
plus tôt,sooner
Sophie,sophie
endolori,sore
tristesse,sorrow
Pardon,sorry
trier,sort
sorte,sorts
âme,soul
âme,souls
du son,sound
sonore,sounded
des sons,sounds
le potage,soup
la source,source
sud,south
du sud,southern
soviétique,soviet
espace,space
Espagne,spain
Espagnol,spanish
de rechange,spare
parler,speak
conférencier,speaker
Parlant,speaking
parler,speaks
spécial,special
espèces,species
spécifique,specific
Plus précisément,specifically
parole,speech
la rapidité,speed
sort,spell
Spencer,spencer
dépenser,spend
dépenses,spending
dépensé,spent
araignée,spider
pic,spike
tournoyer,spin
esprit,spirit
esprits,spirits
spirituel,spiritual
cracher,spit
splendide,splendid
diviser,split
gâcher,spoil
parlait,spoke
parlé,spoken
sport,sport
des sports,sports
endroit,spot
spots,spots
Pointé,spotted
se propager,spread
le printemps,spring
espionner,spy
équipe,squad
carré,square
presser,squeeze
St,st
St.,st.
coup de couteau,stab
poignardé,stabbed
écurie,stable
Personnel,staff
organiser,stage
escaliers,stairs
pieu,stake
stan,stan
supporter,stand
la norme,standard
debout,standing
des stands,stands
Stanley,stanley
étoile,star
regard,stare
en regardant,staring
étoiles,stars
début,start
a débuté,started
départ,starting
départs,starts
affamée,starving
Etat,state
déclaration,statement
États,states
station,station
stations,stations
statue,statue
statut,status
rester,stay
séjourné,stayed
séjour,staying
séjour,stays
constant,steady
bifteck,steak
voler,steal
vol,stealing
vapeur,steam
acier,steel
marcher,step
Stephen,stephen
pas,stepped
pas,steps
Steve,steve
Steven,steven
coller,stick
collage,sticking
des bâtons,sticks
toujours,still
puer,stink
puant,stinks
Stock,stock
a volé,stole
volé,stolen
estomac,stomach
pierre,stone
des pierres,stones
se trouvait,stood
arrêt,stop
arrêté,stopped
arrêt,stopping
arrêts,stops
stockage,storage
boutique,store
histoires,stories
tempête,storm
histoire,story
droit,straight
étrange,strange
étranger,stranger
étrangers,strangers
stratégie,strategy
rue,street
des rues,streets
force,strength
stresser,stress
extensible,stretch
la grève,strike
grèves,strikes
chaîne de caractères,string
déshabiller,strip
accident vasculaire cérébral,stroke
fort,strong
plus forte,stronger
frappé,struck
structure,structure
lutter,struggle
luttant,struggling
Stuart,stuart
tête de mule,stubborn
bloqué,stuck
étudiant,student
étudiants,students
étudié,studied
études,studies
studio,studio
étude,study
en train d'étudier,studying
des trucs,stuff
farci,stuffed
stupide,stupid
style,style
matière,subject
Les sous-titres,subtitles
réussir,succeed
Succès,success
couronné de succès,successful
tel,such
sucer,suck
ventouse,sucker
suce,sucks
soudain,sudden
soudain,suddenly
poursuivre en justice,sue
souffrir,suffer
souffert,suffered
Souffrance,suffering
du sucre,sugar
suggérer,suggest
suggéré,suggested
suggérant,suggesting
suicide,suicide
costume,suit
valise,suitcase
suite,suite
combinaisons,suits
somme,sum
été,summer
Soleil,sun
dimanche,sunday
ensoleillé,sunny
ensoleillement,sunshine
super,super
supérieur,superior
Superman,superman
souper,supper
Provisions,supplies
la fourniture,supply
Support,support
supposer,suppose
censé,supposed
suprême,supreme
Bien sur,sure
sûrement,surely
surface,surface
chirurgien,surgeon
opération,surgery
surprendre,surprise
surpris,surprised
surprises,surprises
surprenant,surprising
abandon,surrender
entouré,surrounded
surveillance,surveillance
survie,survival
survivre,survive
Survécu,survived
Susan,susan
suspect,suspect
soupçonné,suspected
suspects,suspects
suspendu,suspended
méfiant,suspicious
avaler,swallow
jurer,swear
sueur,sweat
balayer,sweep
sucré,sweet
amoureux,sweetheart
ma chérie,sweetie
gonfler,swell
baignade,swim
natation,swimming
se balancer,swing
changer,switch
épée,sword
Sydney,sydney
symbole,symbol
les symptômes,symptoms
synchronisation,sync
système,system
systèmes,systems
t,t
t-,t-
table,table
les tables,tables
étiquette,tag
queue,tail
prendre,take
pris,taken
prendre des prises,takes
prise,taking
conte,tale
Talent,talent
talentueux,talented
parler,talk
a parlé,talked
parler,talkin
en parlant,talking
pourparlers,talks
haut,tall
Char,tank
robinet,tap
ruban,tape
cassettes,tapes
Tara,tara
cible,target
tâche,task
goûter,taste
goûts,tastes
tatouage,tattoo
a enseigné,taught
impôt,tax
taxes,taxes
Taxi,taxi
taylor,taylor
thé,tea
apprendre,teach
prof,teacher
enseignants,teachers
enseignement,teaching
équipe,team
équipes,teams
larme,tear
larmes,tears
technologie,tech
techniquement,technically
technique,technique
La technologie,technology
ted,ted
en peluche,teddy
adolescent,teenage
les dents,teeth
Téléphone,telephone
télévision,television
raconter,tell
récit,telling
raconte,tells
caractère,temper
Température,temperature
temple,temple
temporaire,temporary
Dix,ten
tendre,tend
offre,tender
tennis,tennis
tendu,tense
tension,tension
tente,tent
terme,term
termes,terms
terrible,terrible
terriblement,terribly
formidable,terrific
terrifié,terrified
territoire,territory
la terreur,terror
terroriste,terrorist
les terroristes,terrorists
gâchis,terry
test,test
testé,tested
témoigner,testify
témoignage,testimony
essai,testing
tests,tests
Texas,texas
texte,text
que,than
remercier,thank
Merci,thanks
action de grâces,thanksgiving
ce,that
la,the
la,the
théâtre,theater
théâtre,theatre
te,thee
vol,theft
leur,their
leur,them
thème,theme
eux-mêmes,themselves
alors,then
la théorie,theory
thérapie,therapy
là,there
Donc,therefore
ces,these
elles ou ils,they
épais,thick
voleur,thief
voleurs,thieves
mince,thin
chose,thing
des choses,things
pense,think
en pensant,thinking
pense,thinks
troisième,third
assoiffé,thirsty
trente,thirty
cette,this
Thomas,thomas
ceux,those
tu,thou
pourtant,though
pensait,thought
les pensées,thoughts
mille,thousand
milliers,thousands
menace,threat
menacer,threaten
menacé,threatened
menaçant,threatening
des menaces,threats
Trois,three
jeta,threw
gorge,throat
trône,throne
à travers,through
à travers,throughout
jeter,throw
lancement,throwing
jeté,thrown
tonnerre,thunder
jeudi,thursday
Donc,thus
tes,thy
billet,ticket
des billets,tickets
cravate,tie
lié,tied
cravates,ties
tigre,tiger
serré,tight
jusqu'à,till
Tim,tim
temps,time
fois,times
Horaire,timing
étain,tin
Tina,tina
minuscule,tiny
pointe,tip
pneu,tire
fatigué,tired
pneus,tires
tissu,tissue
Titre,title
seins,tits
à,to
pain grillé,toast
toby,toby
aujourd'hui,today
todd,todd
orteils,toes
ensemble,together
toilette,toilet
Tokyo,tokyo
Raconté,told
à M,tom
tommy,tommy
demain,tomorrow
tonne,ton
Ton,tone
langue,tongue
ce soir,tonight
tonnes,tons
Tony,tony
aussi,too
ont pris,took
outil,tool
outils,tools
dent,tooth
Haut,top
déchiré,torn
torture,torture
lancer,toss
total,total
totalement,totally
toucher,touch
touché,touched
émouvant,touching
dure,tough
tour,tour
vers,toward
envers,towards
serviette,towel
la tour,tower
ville,town
jouet,toy
jouets,toys
trace,trace
Piste,track
suivi,tracking
des pistes,tracks
tracy,tracy
Commerce,trade
tradition,tradition
traditionnel,traditional
Circulation,traffic
la tragédie,tragedy
tragique,tragic
Piste,trail
bande annonce,trailer
former,train
qualifié,trained
entraînement,training
traitre,traitor
transférer,transfer
transféré,transferred
le transport,transport
piège,trap
piégé,trapped
déchets,trash
traumatisme,trauma
voyager,travel
en voyageant,traveling
travis,travis
trésor,treasure
traiter,treat
traité,treated
traitement,treating
traitement,treatment
arbre,tree
des arbres,trees
Trevor,trevor
essai,trial
tribu,tribe
tour,trick
des trucs,tricks
a essayé,tried
essais,tries
gâchette,trigger
voyage,trip
troupes,troops
difficulté,trouble
troubles,troubles
troy,troy
un camion,truck
vraiment,truly
tronc,trunk
confiance,trust
de confiance,trusted
vérité,truth
essayer,try
en essayant,trying
baignoire,tub
tube,tube
mardi,tuesday
régler,tune
tunnel,tunnel
dinde,turkey
tour,turn
tourné,turned
tourneur,turner
tournant,turning
se tourne,turns
tortue,turtle
la télé,tv
Douze,twelve
vingt,twenty
deux fois,twice
double,twin
des jumeaux,twins
tourner,twist
tordu,twisted
deux,two
Tyler,tyler
taper,type
les types,types
typique,typical
u,u
nous.,u.s.
Pouah,ugh
moche,ugly
euh,uh
euh-,uh-
Uh-huh,uh-huh
Uh-oh,uh-oh
uh-uh,uh-uh
euh,uhh
ultime,ultimate
um,um
ONU,un
incapable,unable
incroyable,unbelievable
oncle,uncle
inconfortable,uncomfortable
inconscient,unconscious
en dessous de,under
à l'abri,undercover
clandestinement,underground
sous,underneath
comprendre,understand
entente,understanding
comprendre,understands
entendu,understood
sous-vêtement,underwear
inattendu,unexpected
injuste,unfair
malheureux,unfortunate
malheureusement,unfortunately
malheureux,unhappy
uniforme,uniform
syndicat,union
unique,unique
unité,unit
uni,united
unités,units
univers,universe
université,university
inconnue,unknown
sauf si,unless
contrairement à,unlike
jusqu'à,until
inhabituel,unusual
en haut,up
sur,upon
plus haut,upper
bouleversé,upset
avantage,upside
en haut,upstairs
urgent,urgent
nous,us
utilisation,use
utilisé,used
utile,useful
inutile,useless
les usages,uses
utilisant,using
habituel,usual
d'habitude,usually
vacances,vacation
Valentin,valentine
vallée,valley
de valeur,valuable
évaluer,value
vampire,vampire
van,van
vanessa,vanessa
divers,various
vaste,vast
sauter,vault
ve,ve
Vegas,vegas
véhicule,vehicle
version,version
très,very
navire,vessel
vic,vic
vice,vice
victime,victim
victimes,victims
Victor,victor
victoria,victoria
la victoire,victory
vidéo,video
Vietnam,vietnam
voir,view
villa,villa
village,village
Vince,vince
Vincent,vincent
la violence,violence
violent,violent
vierge,virgin
Virginie,virginia
virus,virus
vision,vision
visite,visit
a visité,visited
en visite,visiting
visiteur,visitor
visuel,visual
vital,vital
Vodka,vodka
voix,voice
voix,voices
bénévole,volunteer
von,von
voter,vote
voté,voted
votes,votes
vulnérable,vulnerable
w,w
patauger,wade
wagon,wagon
pleurs,wailing
Attendez,wait
attendu,waited
serveur,waiter
attendre,waiting
se réveiller,wake
marche,walk
marcher,walked
marcheur,walker
en marchant,walking
des promenades,walks
mur,wall
porte monnaie,wallet
des murs,walls
walt,walt
Walter,walter
voulez,wanna
vouloir,want
recherché,wanted
manquant,wanting
veut,wants
guerre,war
quartier,ward
directeur,warden
entrepôt,warehouse
chaleureuse,warm
prévenir,warn
averti,warned
Attention,warning
garantir,warrant
garenne,warren
guerrier,warrior
guerres,wars
a été,was
lavage,wash
lavé,washed
la lessive,washing
Washington,washington
Wasn,wasn
déchets,waste
gaspillé,wasted
gaspillage,wasting
Regardez,watch
regardé,watched
en train de regarder,watching
l'eau,water
eaux,waters
Watson,watson
vague,wave
vagues,waves
façon,way
Wayne,wayne
façons,ways
nous,we
faible,weak
la faiblesse,weakness
richesse,wealth
arme,weapon
armes,weapons
usure,wear
portant,wearing
s'arrêter,wears
Météo,weather
la toile,web
mariage,wedding
mercredi,wednesday
pipi,wee
mauvaise herbe,weed
la semaine,week
fin de semaine,weekend
semaines,weeks
lester,weight
bizarre,weird
accueillir,welcome
bien,well
wendy,wendy
est allé,went
étaient,were
weren,weren
Ouest,west
occidental,western
humide,wet
qui,wha
baleine,whale
Quel,what
peu importe,whatever
la roue,wheel
roues,wheels
lorsque,when
chaque fois que,whenever
où,where
partout où,wherever
qu'il s'agisse,whether
qui,which
tandis que,while
gémissements,whimpering
fouet,whip
tourbillon,whirring
whisky,whiskey
chuchotement,whispering
chuchotement,whispers
siffler,whistle
siffle,whistles
sifflement,whistling
blanche,white
qui,who
whoa,whoa
quiconque,whoever
ensemble,whole
qui,whom
whoo,whoo
putain,whore
à qui,whose
Pourquoi,why
méchant,wicked
large,wide
veuve,widow
épouse,wife
sauvage,wild
sera,will
William,william
Williams,williams
Willie,willie
prêt,willing
Wilson,wilson
gagner,win
vent,wind
la fenêtre,window
les fenêtres,windows
vin,wine
aile,wing
ailes,wings
gagnant,winner
gagnant,winning
victoires,wins
l'hiver,winter
essuyer,wipe
essuyé,wiped
fil,wire
sagesse,wisdom
sage,wise
souhaiter,wish
souhaité,wished
vœux,wishes
sorcière,witch
avec,with
dans,within
sans pour autant,without
témoin,witness
les témoins,witnesses
épouses,wives
réveillé,woke
loup,wolf
loups,wolves
femme,woman
femmes,women
a gagné,won
merveille,wonder
demandé,wondered
magnifique,wonderful
se demandant,wondering
courtiser,woo
bois,wood
les bois,woods
mot,word
mots,words
portait,wore
travailler,work
travaillé,worked
ouvrier,worker
ouvriers,workers
travail,working
œuvres,works
monde,world
monde,worlds
porté,worn
préoccupé,worried
des soucis,worries
inquiétude,worry
inquiétant,worrying
pire,worse
pire,worst
la peine,worth
sans valeur,worthless
digne,worthy
aurait,would
ne,wouldn
plaie,wound
blessés,wounded
blessures,wounds
wow,wow
envelopper,wrap
enveloppé,wrapped
détruire,wreck
écrivez,write
écrivain,writer
l'écriture,writing
écrit,written
mauvais,wrong
a écrit,wrote
X,x
y,y
ya,ya
yang,yang
cour,yard
verges,yards
Yay,yay
vous,ye
Oui,yeah
an,year
années,years
crier,yell
cris,yelling
jaune,yellow
cris,yells
yen,yen
ouais,yep
oui,yes
hier,yesterday
encore,yet
toi,yo
York,york
tu,you
tu,you
tu-,you-
Jeune,young
plus jeune,younger
ton,your
le tiens,yours
toi-même,yourself
vous-mêmes,yourselves
jeunesse,youth
ouais,yup
zéro,zero
zoe,zoe
zone,zone
zoo,zoo
FAUX,FALSE
vrai,TRUE
Benny,benny
Adam,adam
pendant la nuit,overnight
